bootstrap_iteration,mean_dice,mean_iou,mean_precision,mean_recall,mean_specificity,detection_rate
1,0.4593958316243531,0.3641847564035535,0.45639310160982743,0.5555732396828077,0.9997878470428001,0.72920892494929
2,0.4453530100034986,0.3561106335948506,0.4220365080408261,0.5743914852177712,0.9998001195484266,0.7042001787310098
3,0.44757292136791865,0.3549381046893162,0.4399717466493769,0.5512926022569523,0.9997361390594118,0.7176141658900279
4,0.41376785880044464,0.3223589675580158,0.3925890435057218,0.5498737678453307,0.9997921280225374,0.6990084985835694
5,0.5082428785855415,0.4133300671768268,0.4981138873231239,0.6036486354461361,0.9998237527995109,0.7767695099818511
6,0.42349029226010126,0.33264090982643896,0.41315225859302257,0.5376523486933882,0.9998171599688512,0.7022900763358778
7,0.43917229655166956,0.34850417694564517,0.43279370558799535,0.5559074282067571,0.9997904098596821,0.7369769427839453
8,0.41953394524594767,0.326861300919997,0.4095427136046836,0.5369160993275669,0.9998052838990416,0.7174629324546952
9,0.4284728534339156,0.33231469788682844,0.4124371421614871,0.5736498372651118,0.9998052375294056,0.7376283846872083
10,0.4029106964220238,0.31684012535424394,0.3997227881118785,0.5149952418030747,0.999822679642075,0.6916666666666667
11,0.4526597869024298,0.3613155455774469,0.46078530577160204,0.5294480852761546,0.9997978034409112,0.7141560798548094
12,0.47693275535641705,0.3759380461976928,0.45717177092507316,0.6049681453283592,0.9997616497478733,0.7585601404741001
13,0.4506577945726363,0.35825503432297245,0.43931574532771145,0.5601618298981966,0.9997782409087683,0.7300448430493274
14,0.3986141601301662,0.3080973298260873,0.3900244986122087,0.512503557383097,0.9997940141590334,0.6899280575539568
15,0.4732232644309334,0.37767145726805207,0.45415384059068453,0.5841031618827505,0.9997955855386339,0.7539130434782608
16,0.3930717032240148,0.307002365189027,0.38053381176925644,0.49830758482568993,0.9998105732826048,0.6578947368421053
17,0.4219046533074754,0.3288999956386453,0.4098178095526252,0.5359305466148813,0.999800789643493,0.7079847908745247
18,0.448427258784604,0.3495432900158964,0.4377934620363841,0.568353561099188,0.9997962769056716,0.7440677966101695
19,0.42103294410750264,0.3301282511995467,0.41085756855569,0.5283711642973603,0.9997944766296606,0.6871794871794872
20,0.4130203254292706,0.3268708569201002,0.41684895019217283,0.49919386398611987,0.9997923125717821,0.6723842195540308
21,0.43844131940233017,0.3485027019532016,0.4318782560100147,0.5418355233261868,0.9997959714397754,0.7118353344768439
22,0.47050057191621786,0.37633367109324006,0.45650416956773965,0.5771099468786727,0.9997740573861301,0.7434017595307918
23,0.390024816513163,0.3014408007234546,0.4004690285910898,0.4878566336041725,0.999788489498997,0.6998087954110899
24,0.42188539889567894,0.3259820554342516,0.4181486582139116,0.5540715537396868,0.9997984334123171,0.732824427480916
25,0.4414245843112034,0.3513708156244204,0.43621006981378874,0.5302475030544409,0.9998025280962557,0.7057808455565142
26,0.42718585511452756,0.3398502317829267,0.43790102116317553,0.5162311425418952,0.9997823717851758,0.7087967644084934
27,0.5012842966858596,0.40821395001327,0.5091887210424009,0.566123396897994,0.9998071545254201,0.7391304347826086
28,0.4074485102727573,0.31873063938034274,0.4013967945519453,0.5059403665721378,0.9997857981523008,0.6767676767676768
29,0.4814031239309124,0.38489844178575283,0.4704005966565178,0.5899223444443207,0.9998225277339,0.7557251908396947
30,0.45645588947170807,0.3605627202318625,0.43641678081182944,0.5877598477470027,0.9997619563504636,0.7469879518072289
31,0.4588581458443975,0.3650751561483134,0.46931551847307174,0.5437769575988631,0.9997921661687725,0.7504317789291882
32,0.49008972955800256,0.3882670476752723,0.48115430013009547,0.5956551287299124,0.9997652850620763,0.7705053852526926
33,0.4391152414725652,0.3493476065800251,0.4346686757204982,0.526260543185774,0.9997672394926131,0.6997026759167493
34,0.45501363786045973,0.35925886738597906,0.45470936777359183,0.5595047126294244,0.9998090327109271,0.7487684729064039
35,0.4077728933876123,0.31328510889039196,0.38213253249649937,0.5567666969461926,0.9997995234257712,0.706
36,0.41906819727120653,0.3364854626239526,0.423968536372372,0.5035462514109085,0.9997995034711985,0.6684961580680571
37,0.4423734421220876,0.3551806611490571,0.4489051866916878,0.5377122664199613,0.9997963499212863,0.7203619909502262
38,0.4314757129891821,0.34063525718526866,0.432329556431572,0.5206266552896921,0.9998122576723039,0.7060301507537688
39,0.49090021747634166,0.39516776002378917,0.4789472432958518,0.5861797197527603,0.9997697656373531,0.7543323139653415
40,0.4496187929909281,0.3549363328417972,0.4476966721457221,0.5648853009973657,0.9998013640104209,0.7452402538531279
41,0.4209202704965877,0.3272763017534932,0.4134782360179656,0.533448845548736,0.9997883962817355,0.7012448132780082
42,0.48467939154775674,0.38529419231317047,0.4758403695606625,0.5949024095350979,0.9997785952566074,0.7690355329949239
43,0.4681487328574424,0.3742290010007475,0.4498853678471436,0.5875128748296303,0.9997691580949241,0.7434456928838952
44,0.44331634794230973,0.34700800791163144,0.4574485675432353,0.5340551546975246,0.9997995353309869,0.7298534798534798
45,0.45114558459473303,0.3578542459619068,0.45665766782841355,0.5557732021045477,0.9998114314749353,0.7472727272727273
46,0.42106934126963735,0.32793411895336133,0.4296811476324256,0.518026016716436,0.9997935688609967,0.7135826771653543
47,0.42757438368304385,0.33570242445387877,0.421625758636351,0.5350734003924713,0.999773530826969,0.7195004803073968
48,0.47285498243140767,0.3780752646147984,0.46165125556103187,0.5883509284723556,0.99978219834165,0.7524271844660194
49,0.46080305058329274,0.36753358785480106,0.44660573572748297,0.5670237331681764,0.9997770752118008,0.7311072056239016
50,0.402996427189322,0.3160129829554057,0.40472642933879605,0.4971502326876771,0.999800905922613,0.6807473598700243
51,0.4376948565097865,0.34412509938597924,0.42036365930432235,0.5621770073650051,0.9998024692082256,0.724390243902439
52,0.43232272164448193,0.3372420355467977,0.41011967648118647,0.5636266204996722,0.9998072237305207,0.7142857142857143
53,0.44868048296101537,0.3496388479233233,0.4372177281244443,0.574729533304797,0.9998030769156997,0.7563451776649747
54,0.4567299894034691,0.3619354362673854,0.44857640670141347,0.5633253727565567,0.9997990106542471,0.7461187214611872
55,0.459170337841815,0.3613179454877001,0.45409907349253525,0.5678347060044744,0.9997937113212855,0.7596390484003281
56,0.46725660532577334,0.3728980322439917,0.46272778540115944,0.561707780830144,0.9997968202048275,0.737384140061792
57,0.423426687535315,0.32703331514896217,0.40447070194760576,0.5554243856793284,0.9997982340524695,0.7187214611872146
58,0.47122535015754513,0.37716216071792563,0.4556920346655375,0.5959062330586886,0.9997881228724855,0.7705223880597015
59,0.41076235253934273,0.3150978303213757,0.4064271084307052,0.5315177465214626,0.9997870597328855,0.7154115586690017
60,0.4484412641117128,0.36190481324287127,0.44269591558298643,0.5332417747008498,0.999774529917944,0.7082670906200318
61,0.43656511727801944,0.343359338555417,0.41439527096815604,0.5557995845950429,0.999807050459149,0.7084468664850136
62,0.4258232920792398,0.33315834380159914,0.4125840561835212,0.526385308463827,0.9997886046663137,0.6985894580549369
63,0.4188212910723193,0.3337037677515151,0.4236540536332741,0.5074636696520709,0.9998033491869428,0.6887550200803213
64,0.4486616777976452,0.35735981338885403,0.45006308235324005,0.5392315681923471,0.9997951515240857,0.7228464419475655
65,0.414595241860487,0.3212744706459871,0.3922551915754183,0.5638771698182626,0.9997809359326887,0.7247311827956989
66,0.4200740862630212,0.3336109848583619,0.39953247014542276,0.5170928433192032,0.9998291164145773,0.6646464646464646
67,0.3746387584567394,0.2902691947650588,0.3634706150507667,0.4819912784350715,0.999812748311624,0.6306390977443609
68,0.428162379411274,0.3328874474861949,0.42712903283380965,0.5474474018150982,0.9997995506701922,0.723018147086915
69,0.4589367549855414,0.3659648287675645,0.4497828795045171,0.5597794596990814,0.9998278553893077,0.7311557788944724
70,0.4887941440718658,0.39073360104037214,0.46597480329676194,0.6065343740446484,0.9997697830724368,0.7712418300653595
71,0.4050564170268311,0.31421450253709676,0.4059375547203684,0.49915793062531566,0.999784596662416,0.676737160120846
72,0.44023549245722743,0.3447408183992221,0.4388359103979917,0.5383175793116393,0.9997762119340654,0.724025974025974
73,0.41561325344941147,0.32403205689383424,0.4029540474309959,0.543200186711113,0.9997823022507041,0.6955631399317406
74,0.41992911084065426,0.3243710141506579,0.41517930211884385,0.5331823351519128,0.9998004681237228,0.7241379310344828
75,0.4276364855164211,0.33953958487908475,0.4199520226080305,0.5275934270089713,0.9998011491496673,0.6900630914826499
76,0.4685166507967296,0.374390521818755,0.45492729521353387,0.5975755404633741,0.999764076860625,0.7617675312199808
77,0.42723122964879273,0.3383635749070552,0.4261417148018304,0.514496569236444,0.9998158675606518,0.6893464637421666
78,0.4639264393907376,0.36843986834484554,0.4609367876289428,0.5571006421095955,0.999783206269997,0.7525298988040479
79,0.4300782322209627,0.33966540696661857,0.4258838434092876,0.5227714939113519,0.9997825589063728,0.7017841971112999
80,0.416022269882047,0.32741117102809153,0.416573054362812,0.5109144989976511,0.999814199667028,0.6934749620637329
81,0.4800429055053949,0.38049963292787037,0.46252677163333666,0.5972840051955722,0.9997793802524023,0.7638238050609185
82,0.4436530953050167,0.35774203913439,0.4313983791381073,0.5377914145822406,0.9997998452895381,0.6923076923076923
83,0.45571139514794623,0.36098217509962655,0.4440874006761379,0.5699134052540311,0.9997963116774358,0.737419945105215
84,0.4849388366147569,0.38591106311873086,0.47398667541476985,0.5892725464603273,0.9997672147965246,0.7627952755905512
85,0.4757488374199086,0.37768498783036386,0.46261926549404353,0.6001623256375058,0.999761246972996,0.7643564356435644
86,0.46222730265189904,0.3663470807501506,0.44403130685482534,0.5940827885217114,0.9997974041954424,0.7543713572023314
87,0.4573555159864361,0.36858569589618084,0.45808778918147974,0.542519432629129,0.9997864145619914,0.7135593220338983
88,0.45710863552210074,0.3648112926105533,0.4364706932538148,0.5802688050424676,0.9997950350546922,0.7323481116584565
89,0.4432403353508836,0.3545117749527593,0.4358555104024827,0.5422353748450888,0.9997896929643355,0.7054924242424242
90,0.4687616642747138,0.3699208886251976,0.4411834327891111,0.6136700656518331,0.9998007950073511,0.7631160572337043
91,0.3915739835740065,0.3079607457467209,0.3996945030274107,0.477674454115644,0.9997934351551054,0.6588037068239259
92,0.427477776997232,0.34282473723175166,0.44610653551668816,0.48478130800392094,0.9998273263597306,0.6908023483365949
93,0.44122974860143677,0.34844884322559494,0.438742146087756,0.5297725998464833,0.9997601814756728,0.7101038715769594
94,0.4476386097319283,0.3479675689983111,0.45684146337418696,0.5500595874512526,0.9997613540168561,0.7379110251450677
95,0.4089763604079017,0.31935882052561415,0.4017615763219811,0.5150295396095735,0.99980219866818,0.6787216148023549
96,0.47284092322538357,0.3738674953130971,0.4493889031037948,0.5993496123632628,0.9997825838594678,0.7631147540983606
97,0.42479350043476916,0.331983820182941,0.42555887327972663,0.5297932887602773,0.9997942570641144,0.7259729944400317
98,0.4387320805760515,0.34528174113222565,0.4207744540466572,0.5660597118940173,0.9998062217506579,0.7269906928645294
99,0.468632959739928,0.3747526560984932,0.46907691711655497,0.5603221921264031,0.9998007942451185,0.7370653095843935
100,0.4201368767251936,0.3253649132921154,0.41805381302415423,0.5360061831330866,0.9997927218415404,0.7238873751135332
101,0.4140576509660182,0.3189225564706652,0.4122521476427696,0.5337230727934541,0.9997720075870145,0.7154471544715447
102,0.46614238530847624,0.3679816522380068,0.46349918077999663,0.5837895999910464,0.9997870738709229,0.7624190064794817
103,0.44276324381917526,0.3494874688377563,0.4305610529136024,0.5701922169212559,0.9998024755596386,0.7290874524714829
104,0.4433370510501386,0.3479102974224073,0.42570910244354754,0.5632905680797894,0.9998042200171368,0.7271214642262895
105,0.46379856308355694,0.3714740695330298,0.4547322569619901,0.5635153273748169,0.9998045087043138,0.7323943661971831
106,0.44556557890895715,0.34264630948743435,0.4472286676399228,0.5514356707649379,0.9997655416527859,0.7638436482084691
107,0.4632118133811696,0.3728871482652084,0.4543152323618841,0.5543035830513502,0.9997926706740167,0.7195685670261941
108,0.46495395665854933,0.37028388969508796,0.4522157185492372,0.5688551056999009,0.9997992161539678,0.7415824915824916
109,0.4293582523507326,0.333633070050438,0.4180611945655306,0.545913017247064,0.9997732378201152,0.7222699914015477
110,0.4671834937249453,0.36916445681339827,0.4805483193669628,0.5462814968609101,0.9997776074815483,0.7492283950617284
111,0.4565842265884732,0.36540627998881164,0.4460861217976645,0.551371705644359,0.9997829927366325,0.7178538390379279
112,0.3869046110433379,0.29359629821204297,0.3785155930260158,0.510388167992522,0.999804232194997,0.7043137254901961
113,0.43165991747136606,0.3419365243704693,0.4324087050938417,0.519022892664259,0.9997973391968568,0.7053231939163498
114,0.47692118450095683,0.38341928353309573,0.45528138131619894,0.5928322658908337,0.9997904117165335,0.7405541561712846
115,0.39397688351962956,0.3030505451192126,0.3782326456942587,0.520100924439418,0.9997695511899453,0.6784788245462403
116,0.411894315559254,0.32152890401350454,0.4093208156681051,0.5157445325762806,0.9997863536279449,0.6836734693877551
117,0.45607886526077157,0.3542592718930535,0.4565015252735012,0.5633700491223083,0.99977617436659,0.7507042253521127
118,0.4318191229593366,0.3406957686091222,0.4285786207757727,0.5303954758712376,0.999791772119424,0.71
119,0.4155959231508385,0.32392372409064646,0.4155840359657392,0.513011765912793,0.9998115384424942,0.7045636509207366
120,0.4266779066017653,0.3310503389332346,0.4012483519469732,0.5810600693700583,0.9998036922255537,0.7324066029539531
121,0.4430795071105772,0.35521416584801707,0.4330935191087307,0.5315192126136985,0.9997949483254328,0.6906474820143885
122,0.43769596268631383,0.3469734378463542,0.4411071175739373,0.5299773734166232,0.9997747205985191,0.7128412537917088
123,0.46133701082630946,0.3688644950741858,0.4469834858694402,0.5641267483866682,0.9998231357231511,0.7264731750219877
124,0.46217364875311684,0.36742771798753177,0.4558930231861428,0.5517772111381672,0.9997956107278647,0.7246636771300449
125,0.481281322629649,0.38715832523330634,0.4793229617448976,0.5690867655618418,0.9998113194901981,0.7386046511627907
126,0.49675793905492466,0.39656801460087254,0.47470249921403657,0.630962706756351,0.9997614274544616,0.7776606954689147
127,0.4478354570454891,0.3529606866262212,0.45743278950424143,0.5398781727364108,0.9997619504183521,0.7438914027149321
128,0.43998347362646817,0.3450221651968821,0.4216348806768329,0.556128434151395,0.9997793003440236,0.719626168224299
129,0.47148286185912813,0.3754993506656744,0.46430805711257295,0.5680199168515017,0.9997968891873793,0.7388475836431226
130,0.43849354875354724,0.3456963107020535,0.43338143701132054,0.5331873179598405,0.9997611385209677,0.706646294881589
131,0.42783599451005155,0.331877367961134,0.4390391536951366,0.518229978085318,0.9997961502934484,0.7178683385579937
132,0.42522735337766326,0.3344445589769797,0.41263569362735303,0.5504436583698757,0.9998055721432224,0.7273449920508744
133,0.48907339911694264,0.39332479793479624,0.46844484729384556,0.6085309307901778,0.999794355287183,0.7642585551330798
134,0.39947172749750515,0.3076277287654646,0.38274338342816844,0.5444981815182629,0.9997904513601746,0.7081930415263749
135,0.4408585751384275,0.34228251464371384,0.413228285549827,0.5872290404636337,0.9997698693085303,0.7450271247739603
136,0.4364964247096441,0.34635905499611974,0.4391438499445979,0.5249529981456628,0.9998045271007863,0.7129798903107861
137,0.4359255085921967,0.34257655359587036,0.41613784025528316,0.5514283027664256,0.9997871826591558,0.7113884555382215
138,0.4280937620081898,0.33788188898355676,0.42191103691025533,0.5343082273980594,0.9997693533245159,0.7057777777777777
139,0.4161367310732107,0.32730902524272,0.42042287512055215,0.5052375402078229,0.9997803729159955,0.6900269541778976
140,0.43084575506028855,0.3403414289618305,0.4255980962039894,0.5241524811611907,0.9998052839794324,0.7053763440860215
141,0.5490024983572456,0.4532155473225596,0.5242362744385616,0.6457292138840575,0.9997651196033958,0.7932739861523245
142,0.4501549083434877,0.3531708709430028,0.43072449192245305,0.5730570872828821,0.9998042824635586,0.7291501191421763
143,0.34641555551104836,0.2640631843019274,0.3621426403879532,0.4343946279796458,0.9998308995506584,0.6232686980609419
144,0.4726860266091381,0.380655513749231,0.4605047983399267,0.5714068917218903,0.9997945862451977,0.7321428571428571
145,0.46147579605595823,0.3690320963699924,0.4452871998749889,0.5653680540091107,0.9997939714544504,0.721936148300721
146,0.3979433420427248,0.3066982700585476,0.3950275924195981,0.5032512770626314,0.9998035882051569,0.6865912762520194
147,0.4666315309186034,0.37201649049171226,0.4787440458853059,0.5471358806418907,0.9997901352783272,0.7378167641325536
148,0.4766017568348728,0.38013400461962177,0.49179112889446897,0.5718823597517982,0.9998074901768035,0.7713178294573644
149,0.4838637428813331,0.38897349345191556,0.47514797723578833,0.5830421965151328,0.9997726711921907,0.7599591419816139
150,0.46785047402132657,0.37087175160044944,0.4567454853129344,0.5884422944677377,0.9997835588136567,0.7581354441512753
151,0.4480248697715636,0.3566710229416626,0.43558954265554417,0.5601526824825943,0.999785125081802,0.715261958997722
152,0.4218430099608018,0.3308162117811602,0.4057386831302708,0.5447904797900445,0.9997660051048561,0.7067342505430847
153,0.41756372138869813,0.323550026999619,0.42731113021586536,0.5170039660630222,0.9997903828696171,0.7108712413261372
154,0.4465983104697266,0.3549276230304963,0.4345671696201031,0.5520253506571559,0.999792941317824,0.7315741583257507
155,0.46020207515746264,0.3625132253579901,0.4357815194192667,0.5783408836834568,0.9997954349808142,0.732606873428332
156,0.44841419650292785,0.3519835567686654,0.4497566426740763,0.5498380925201372,0.9998091540711821,0.7303609341825902
157,0.4424975128646872,0.34480007972803123,0.44843452899330577,0.5450329515359682,0.9997665481558744,0.7528735632183908
158,0.42345848098632655,0.33312260401935406,0.42810319859077706,0.5183817228682356,0.9997775707000963,0.7180851063829787
159,0.44800795506848484,0.3575378740424995,0.4413404273523111,0.5551652484599888,0.9997756386557672,0.7276490066225165
160,0.4392934602356866,0.34942141164617785,0.413498876159989,0.5622057752558773,0.9997923306454398,0.7000842459983151
161,0.4824037825941423,0.3800462983525208,0.4660747393614616,0.6036531248891945,0.999740953781332,0.7682819383259912
162,0.45779854344303983,0.36552423753728863,0.44223573226249097,0.5707457958181974,0.9998154364681301,0.7257709251101322
163,0.45317905280998483,0.3627229079354426,0.45787308761222983,0.5410805558649426,0.9997602275592006,0.7283185840707964
164,0.43240418638392314,0.33355285117503686,0.4299161816236685,0.5564113246471124,0.9997539528451421,0.7359705611775529
165,0.4626882673046097,0.3673332305579486,0.4576886806594215,0.5681327032878019,0.9997919352882508,0.7534246575342466
166,0.4312951509625875,0.34690471336618245,0.42863323558129024,0.5237146892377766,0.9998147807476183,0.6946182728410513
167,0.39430208282257206,0.3001022722877548,0.4079588444024119,0.48959391914964673,0.9997909002189695,0.6926910299003323
168,0.42094582151953275,0.3303132446615823,0.41151161723467644,0.5225387937626197,0.9997993632576679,0.6974708171206225
169,0.4559805996280984,0.3661106929383892,0.46831689118031306,0.5232223672230184,0.9997901789814879,0.7085862966175195
170,0.47126671215090704,0.37623829580184276,0.45832992414384494,0.5674835342359086,0.9997501244270394,0.7323556370302475
171,0.45602682068466394,0.364793923725,0.4502626751510209,0.5579836347267468,0.9998000102978942,0.7314553990610329
172,0.3856966432840154,0.29834358607024225,0.38730198577831415,0.4792730499845208,0.999782739098277,0.6654867256637168
173,0.48854534945950007,0.39000174950358985,0.4752332067533649,0.5891783987945568,0.9997777319771172,0.7732406602953953
174,0.4697355016367747,0.38378796004184185,0.4740636265537166,0.5414946339283061,0.9998143241093408,0.7347436940602116
175,0.42546436635149665,0.3300323211334509,0.4045355771440788,0.5704540857164051,0.9997931430166705,0.7249782419495213
176,0.4193147626763866,0.3280850875894882,0.42637924293637763,0.5147365055002922,0.9998055043532923,0.6961382113821138
177,0.46828977618981393,0.3744155763905685,0.4749208575648573,0.5508212497015846,0.9998034879349474,0.7398373983739838
178,0.46935862590684596,0.37615091260263983,0.4543200897091674,0.5976291566504632,0.9997933838123112,0.7571277719112989
179,0.4560862320211178,0.3635485137568151,0.4457049324027418,0.5709864932202069,0.9998140663943479,0.7343880099916736
180,0.4071012336583319,0.3150052112414381,0.4139273873652499,0.5017598311171483,0.9997993690052436,0.7000808407437349
181,0.4323408053699574,0.3393196449201386,0.41344685766004763,0.5409000141217476,0.9997812063170785,0.6886477462437396
182,0.42298153272920136,0.3309211248231471,0.4064835392906454,0.5470522081506809,0.9997692778945199,0.7157622739018088
183,0.41721219834880846,0.32614761152225424,0.4052873902950499,0.5348988059158022,0.9998036632575371,0.6979260595130748
184,0.4129471962268146,0.32932797181818646,0.39894498318513544,0.5095747331988507,0.9997982794523015,0.6630252100840336
185,0.41955831990419873,0.33302215744166846,0.41065311192971155,0.521773263887751,0.9998044902066201,0.6824596774193549
186,0.4550662998536145,0.36470053625818677,0.45010198610488644,0.5557013838457978,0.9998175478116967,0.7323671497584541
187,0.42408712326114656,0.3273607708198925,0.4160829058311267,0.5470938838098719,0.9997826011942258,0.728492501973165
188,0.4066511651645123,0.31808460273037575,0.389537254308825,0.5203833206425545,0.9997928282321658,0.6830601092896175
189,0.42574585414740496,0.3329072074603648,0.4116168493540496,0.5495289742679161,0.9997714037185633,0.7142857142857143
190,0.4042151888685407,0.31430547026564,0.42313731417361206,0.49029603912745884,0.9997942433375334,0.7101694915254237
191,0.4608648402466649,0.3641735073532418,0.43881636149330205,0.5917411092872336,0.9997932652197684,0.7489433643279797
192,0.4503303445047959,0.35670041989932105,0.45258630575588576,0.5581357705801007,0.999790776061595,0.7362240289069557
193,0.3966059903077203,0.3052369520077359,0.37106103106958127,0.5313198051845582,0.9997956156048339,0.6800535475234271
194,0.4523776707044739,0.35913865941112144,0.4364477543931681,0.5737288014611711,0.999789385312653,0.7286689419795221
195,0.4364949357111686,0.3446771029164129,0.426225406291968,0.5398858015617407,0.9997801962341292,0.7068645640074211
196,0.4409642977928784,0.34680959248290144,0.43796526845943773,0.5411170762291342,0.9997955190961193,0.7267326732673267
197,0.465448377834306,0.36979535643389977,0.45751532220103575,0.5652528455100426,0.9998039846510055,0.7407035175879397
198,0.4899356137118577,0.39315323395958834,0.4898324909774474,0.5812494299484889,0.9997647700142241,0.7533718689788054
199,0.42005567378104897,0.33221747399626195,0.4110672322634648,0.5184633128045676,0.9997894792905043,0.6862401402278703
200,0.4451291231977408,0.3496442427724692,0.4469249084725077,0.5378942698596678,0.9997888126237716,0.7247780468119451
201,0.4356442148308572,0.3426341067876378,0.4322045697427012,0.5482341321289875,0.9998058739508304,0.731023102310231
202,0.42283739870302667,0.3271178582753552,0.43384584660043246,0.5299982967859432,0.9997799053705793,0.72
203,0.45951356367757024,0.366696106561051,0.4532163657162265,0.5682926121665378,0.9997938819723621,0.7400835073068893
204,0.5040440230349817,0.4058121868562955,0.4858474439628944,0.6196644969044509,0.9997845555128675,0.7695749440715883
205,0.48027537695944816,0.39030582792051155,0.4714875306469322,0.5712963837961651,0.9998078488699372,0.7295719844357976
206,0.44017620830852416,0.34175944555477145,0.43842846742399677,0.5487738094516621,0.9997958632924359,0.7453936348408711
207,0.45926434889647727,0.3670520927266339,0.45565633095420083,0.5540767955033142,0.9997926585242319,0.7175295186194369
208,0.4185302222005869,0.32508341655476525,0.40837024945894185,0.5361387752213118,0.9997869770553994,0.7137192704203014
209,0.44476075734218723,0.35204577514982616,0.43515542837707377,0.5545015990525095,0.9997876357682396,0.7227926078028748
210,0.4221219215497393,0.33180185105898036,0.43048436301596416,0.5032768350202793,0.9997805949605205,0.6749003984063745
211,0.42566068335313667,0.3259961211915485,0.413785662456611,0.5525768903174596,0.9998016281600809,0.7394366197183099
212,0.4269026700244724,0.3311120168557955,0.40822254270987124,0.5652596349604664,0.999764287183499,0.7345517841601392
213,0.4485836628928706,0.35613328248339243,0.44145108847225223,0.5489704909628674,0.9998172152158324,0.7067594433399602
214,0.4251323068600428,0.3350774922651319,0.4276065387464499,0.5138540384735643,0.9998028572288084,0.6901408450704225
215,0.45862337285018573,0.36710640298724223,0.46818697541459203,0.5485144866807786,0.9997677925061286,0.7394495412844037
216,0.4382334124297962,0.3398104359834799,0.45604199118775846,0.5142778130781467,0.9997583229014656,0.732520325203252
217,0.4149947924000696,0.32625565411985175,0.40180217184420824,0.5297895135967716,0.9998071995922914,0.6796805678793256
218,0.40391794702265027,0.3137823957516028,0.39455756538050507,0.5125959459823292,0.9997912320324539,0.6785714285714286
219,0.4536275640173488,0.3565887808913378,0.44616938058660127,0.5730635038996906,0.9997754536586084,0.7429328621908127
220,0.4071552644449325,0.31100016402824493,0.397236515379227,0.5361904252322574,0.9997953533420618,0.7150793650793651
221,0.4552391024008145,0.3591570454617053,0.4401933329881073,0.578614432487022,0.9998090629229284,0.7526467757459095
222,0.45501689365760933,0.36384803991129494,0.43984715632018057,0.5665346582297052,0.9998044994724458,0.728219696969697
223,0.4497373217341417,0.3589889232117263,0.4429973537971346,0.5571320898026849,0.999796293009612,0.7299006323396567
224,0.42270220872003234,0.33087672014854086,0.4230705600755346,0.5271040476699339,0.9997972588532884,0.7178387650085764
225,0.49176986647855897,0.3965357004928499,0.4935666840437771,0.5788633971089028,0.9997882614691218,0.759765625
226,0.46660377976691547,0.3705869734349664,0.45984353937664163,0.5835081909228227,0.9998219517737076,0.7575075075075075
227,0.44169538379296996,0.35269896347459173,0.42668067295928214,0.5408413119008391,0.9997872595711791,0.7008959338387319
228,0.415452666086079,0.32657273967607353,0.4232169436919627,0.5024441822402161,0.9998136135338485,0.6935630099728014
229,0.4513259392481879,0.34993908747849706,0.42346613212693635,0.6013477079233148,0.9997903566690703,0.7664
230,0.42431230295781325,0.33036547232090474,0.41114844388337407,0.5675806707517963,0.9997891784184958,0.7384481255448997
231,0.44971495115490984,0.3599227378613963,0.4540879535428901,0.5385711132981001,0.9997902510636437,0.7138584247258225
232,0.44988811578700244,0.3501798710087039,0.43145757648768485,0.5907644580081941,0.9998112275666676,0.7493403693931399
233,0.423903645585595,0.3354134889142217,0.4162885436346442,0.5184694968742968,0.9997975295206019,0.6926032660902978
234,0.4359661023239257,0.34267502891187634,0.43985935989974795,0.5378772654640935,0.9998119802721043,0.7374599786552828
235,0.4090505187777746,0.32195149712798615,0.40757436067134367,0.5085913238522259,0.9997631824602016,0.6739752144899904
236,0.446180505121073,0.3581328774029133,0.42463549818996177,0.5553556813389349,0.9998101643292681,0.6950354609929078
237,0.42501307248052816,0.3327253405479928,0.4297493881579315,0.528196157169512,0.9998002288715193,0.7068106312292359
238,0.38932938940278433,0.29962992445553543,0.37638317937049126,0.5196594308362927,0.9997836745555673,0.6757650951199339
239,0.4171368358732901,0.3296677878538831,0.4285515286041064,0.5022623136426393,0.9998100245327053,0.6815126050420168
240,0.4173149106671617,0.3255117875206653,0.39683683087105764,0.553571532851424,0.9997936555468748,0.7063369397217929
241,0.4332340307922453,0.339299343369933,0.4230336818638246,0.5439217864235156,0.9997858111070058,0.7254901960784313
242,0.4855710932466047,0.39238512773175366,0.47108585056284374,0.5998200199937119,0.9998279385677268,0.7494432071269488
243,0.41922731736344243,0.33927811802768953,0.41641411535937084,0.4991350740318752,0.9998122743616058,0.6522222222222223
244,0.45532317417522616,0.3621543702955546,0.4719787906849014,0.523577282406456,0.9997917893939937,0.7231057062675398
245,0.4525620063766041,0.36073398871803136,0.4495848750607718,0.5397345927508899,0.9998105432532877,0.7270450751252087
246,0.4583214660688327,0.3617637774032119,0.4574482501185088,0.5594704481758153,0.9997658940924151,0.7523089840470193
247,0.4485880253227653,0.35544807121211375,0.451039621238666,0.548205644179372,0.9997916242784417,0.7238095238095238
248,0.47991118954102824,0.3819797490290926,0.47482374970103086,0.5896923130411551,0.9998016158287732,0.773469387755102
249,0.4154407390926253,0.32895375191231213,0.4130427190556875,0.5174144033077013,0.9997901557132275,0.6859169199594731
250,0.4470859423809902,0.36083072912033914,0.4438160922128446,0.5420302933665733,0.9998362412405396,0.6937561942517344
251,0.43437055395060453,0.34134234002271285,0.4277308423628514,0.5327364352671365,0.9998061566120626,0.7110741049125728
252,0.42640899634856144,0.3350898204642221,0.4222200842141833,0.5381504511719242,0.9997993881979731,0.707916287534122
253,0.4059650965659437,0.31159424928786766,0.40065755559598343,0.5331306241331404,0.9997942630008173,0.7134038800705468
254,0.4526707067558458,0.36163618833554095,0.45404278720120433,0.5410846807953269,0.9997767010280283,0.7176241480038948
255,0.4149211784746757,0.3255877432796364,0.4061479483176696,0.5224889160294425,0.9998124664681568,0.6799667497921862
256,0.42540645074981026,0.3378855538860354,0.4191503593095989,0.5267001912512687,0.9998197861088501,0.6918335901386748
257,0.4073170910115345,0.32242986362688203,0.4032654289052806,0.500216589823658,0.9998011052194948,0.6654740608228981
258,0.43043248300418124,0.34047197035835103,0.429335474889462,0.527841909944966,0.9997988571694751,0.7061128526645768
259,0.5149825579424696,0.42105397390778343,0.49232981653312213,0.620321020123191,0.9997780456418259,0.7793388429752066
260,0.4556758663210215,0.3608295482879607,0.45476613936670207,0.5602237343263267,0.9998031809026351,0.7355679702048417
261,0.45631404160972916,0.3575510532406799,0.45210560731213856,0.5736906926288617,0.9998004242524119,0.7511606313834726
262,0.4311496576720173,0.3404105480394248,0.41541071926765505,0.5471432122426346,0.9997842617149002,0.7012345679012346
263,0.43315478489490394,0.3354638570920095,0.42312429818110436,0.5584571328992626,0.9997905355792457,0.7378486055776893
264,0.42324872216061277,0.32958892519689004,0.41075659030841777,0.554420747469543,0.9998061058934271,0.7155322862129145
265,0.47174825178598717,0.3725859846215041,0.474347484792334,0.5799135002176301,0.9997857672605205,0.7744833782569631
266,0.4434352893311768,0.3473042270978673,0.44790717746081615,0.5471334704386026,0.9997734541514208,0.737419945105215
267,0.43054667252801815,0.3373786274511237,0.4398153413215624,0.5188763635105594,0.9997748516268241,0.7344890510948905
268,0.43383076771699214,0.3401730961141701,0.42043518481910236,0.5590938455602573,0.9997901923970117,0.7229299363057324
269,0.455642295035366,0.3590141062945532,0.4416708627183648,0.5828494215308502,0.9997858220405924,0.7362924281984334
270,0.45452969336924715,0.3689585950088481,0.44526133636039883,0.5456760237507705,0.9998004887513716,0.6930596285434996
271,0.48420000854147976,0.3903751154332535,0.47322531310657573,0.5751485322757927,0.9997715276192024,0.7394106813996317
272,0.4623506139747292,0.3643541460124668,0.4654602979405966,0.5557080556837599,0.9997656240644012,0.7506750675067507
273,0.45185802177663276,0.36131848872231237,0.44046854221304954,0.55327190296327,0.999795329144701,0.7238805970149254
274,0.4517179809839237,0.36051488268534465,0.4572033268396416,0.5294337081559974,0.9997989657303301,0.7113578138343296
275,0.45026713589882106,0.36081430600329983,0.44943585743284903,0.5322391785878725,0.9998456489639332,0.7058222676200204
276,0.420705417554691,0.3265552974771295,0.42016099117018985,0.5321044287167702,0.9998092544446012,0.7156040268456376
277,0.4194943415334444,0.32356311420298917,0.42154586416717565,0.5241566962037848,0.9997881309471741,0.72
278,0.42020464353312603,0.3327046179330905,0.41796728368624186,0.5269457338716107,0.9998104531204499,0.7043222003929273
279,0.44992426024672555,0.3511312761518391,0.4435723991254714,0.5650120447757372,0.9997857993465552,0.7488226059654631
280,0.4181185315888511,0.3249026573998363,0.391923987552474,0.554630896538686,0.9997754180589223,0.7051909892262488
281,0.4264002102093497,0.33131495411362716,0.414043902225699,0.5545063804236039,0.9997832964028334,0.721183800623053
282,0.40535573987968315,0.31397869795808003,0.40941697898609036,0.5197266740756507,0.99978554784206,0.714527027027027
283,0.47440283660147814,0.3755658522802064,0.4576234422998603,0.5792830377448758,0.9998128919871883,0.7460159362549801
284,0.43133570967496365,0.33850639303075575,0.42963984895702734,0.5314369031389446,0.9997764632902956,0.7053009883198562
285,0.44614803526216795,0.35616007297181507,0.44256505269387714,0.5392761697204362,0.9997899543760643,0.7155778894472362
286,0.41127182176426136,0.3159286920190093,0.41535081634975746,0.5187746114221742,0.9997747543635959,0.7171428571428572
287,0.42565661188200915,0.3322742393720393,0.4209854563579378,0.5413352510355338,0.9998019443318663,0.7152996845425867
288,0.43855524462468076,0.34621299410677614,0.4354872004270277,0.5419199858309001,0.9997877884715184,0.713472485768501
289,0.4083078186499051,0.32454077084161603,0.4151028114208667,0.4912746031193559,0.9997788423144149,0.6600189933523267
290,0.4571922440094832,0.37091196718974656,0.44956057157404417,0.5503652369318125,0.9997919437596415,0.6953924914675768
291,0.43086097318279853,0.33871419637249395,0.4337994456547018,0.5309612215052255,0.9997825518456844,0.7267605633802817
292,0.428867576015931,0.3360108425909604,0.42405534737063144,0.53819305273654,0.9997947379597015,0.7147286821705426
293,0.4397482953108769,0.3508155306762168,0.43222868598113895,0.5315563713921114,0.9998120267914382,0.703601108033241
294,0.4502999739035084,0.3481227600091112,0.43337969883249366,0.5822964626019759,0.9997702796475153,0.7573587907716786
295,0.45985667673328645,0.3599815657782053,0.44515339040975793,0.5818322291998742,0.9998204174479391,0.7648376259798432
296,0.43800757225153497,0.3433310300921165,0.44595207613720944,0.5304435049318689,0.9997755374305664,0.7263257575757576
297,0.422159160125574,0.3333005178389308,0.43205952024605454,0.5080658934972784,0.9998016351954153,0.702252693437806
298,0.41986942988355497,0.3236290074348186,0.3995377801511104,0.5681939458179781,0.9997909447100796,0.726957726957727
299,0.4416998557701858,0.3472747432993087,0.43871260081578406,0.5481554249519592,0.9997813759344808,0.7410714285714286
300,0.4519960431452415,0.36001165272741237,0.4430499038559909,0.5439515356102992,0.9998097633046025,0.7177966101694915
301,0.4389900460617955,0.34635516854908077,0.44114331629119263,0.528791761750324,0.9998037486986205,0.7169811320754716
302,0.43799884878498474,0.34414486354288265,0.4427485187393744,0.5334125088835505,0.999821034527257,0.7265692175408427
303,0.4330330605938278,0.3449668233106199,0.44069695965098427,0.525255696817894,0.9998025694060069,0.7121951219512195
304,0.45482410158392156,0.36374102981124284,0.4728747823789002,0.5179598042603453,0.999781907802913,0.7201793721973094
305,0.41965012105774935,0.32695425940868394,0.39988244344333074,0.5474338353529523,0.9997951334287952,0.7137330754352031
306,0.4221630339935824,0.3357747266123087,0.4248829611635369,0.5141657473383947,0.9998195323413908,0.6762790697674419
307,0.3904813824340818,0.30117720197829156,0.3931175520305531,0.4972220294232426,0.9998075707516619,0.6915708812260536
308,0.46074959676877436,0.36091103030086435,0.45668839166441577,0.5682161553374967,0.9997394104725723,0.7524834437086093
309,0.4642007926329174,0.3728205216973198,0.4566823266277848,0.5714626031955756,0.9997604421071137,0.7387988560533841
310,0.40738726330739244,0.3128833275014,0.40887732736894294,0.5045252517576273,0.9997983416986329,0.7011294526498697
311,0.42168608825158127,0.3257828678973195,0.4071559632306961,0.5510001886425844,0.9998120325325562,0.7241379310344828
312,0.3746463913436981,0.2864537673068929,0.37339377092267734,0.4850995525741335,0.9998069997147021,0.6747269890795632
313,0.4275124350454283,0.33258431486344403,0.41966354194151106,0.5361317562686103,0.9998023492861394,0.7129360465116279
314,0.4832161871300837,0.38856149689698,0.4787125682073006,0.58397116878871,0.9998137885978916,0.7642201834862385
315,0.41171881812916633,0.32564246032685834,0.4184249085971448,0.4904902103078905,0.9998160408918522,0.6634382566585957
316,0.4522816141586198,0.3603499557165066,0.42975662000981446,0.5813017071364468,0.9997874068749587,0.7329729729729729
317,0.45761876560321396,0.358644505916368,0.4503683219386298,0.571130501016304,0.9997566294375372,0.7537777777777778
318,0.4494403258549379,0.3612896222353251,0.4502587958889555,0.5367053341654923,0.9997939571717328,0.7114914425427873
319,0.41572800283936817,0.3286964979096135,0.4169411258689474,0.5077245160426999,0.9998136562932245,0.6685823754789272
320,0.4722152877385807,0.37736227771543496,0.4748405020659806,0.5727308058975548,0.9997977740118976,0.7662835249042146
321,0.4550006468693754,0.3522080213075916,0.4432003347598106,0.6050286189008887,0.9997930898249482,0.7778915046059366
322,0.4283282987625624,0.33096340686419595,0.4135447301253065,0.5571384424848309,0.9997722037356311,0.7213114754098361
323,0.43947793641919025,0.3441339160139271,0.4282236660808008,0.558472704045847,0.9997976282800867,0.7220015885623511
324,0.4433387413280596,0.352543968491382,0.45101987842450714,0.529731585884758,0.9997987611907545,0.7238873751135332
325,0.4588032279510955,0.3633427090822569,0.44619691283941737,0.5691111775045437,0.9997811737392398,0.7489943684633951
326,0.45017272545465403,0.35764031524924356,0.4314718165148522,0.5638728779459974,0.9997952429264294,0.7210657785179018
327,0.47839939351166033,0.38967086237597987,0.46974329253243874,0.567399488193846,0.9998159887426427,0.7282708142726441
328,0.44324087695073217,0.35051379868696786,0.4429839894303776,0.53805082531329,0.9998008636206847,0.7252830188679246
329,0.45940965776767595,0.36602713154074723,0.45576733795433433,0.5572257698622487,0.9997588837764122,0.7452745274527453
330,0.4389928402049105,0.3532792299389354,0.42785961467923966,0.5405900245594019,0.9998268957999621,0.6886543535620053
331,0.448275049387242,0.3549743058601264,0.4404586609625705,0.5503554349198422,0.9997751420003501,0.7329299913569577
332,0.45124434957510484,0.35690435833917916,0.45154898558051904,0.5531299667427778,0.999800694569695,0.7366167023554604
333,0.5000910468328458,0.40131066642957913,0.4681564501825038,0.6342373688545042,0.9997773694095171,0.7814397224631396
334,0.4340596008997781,0.33746517150936683,0.4255326407916727,0.5562450234729688,0.999783402723824,0.7383419689119171
335,0.424630053894909,0.3336351133124234,0.4233882817058073,0.5214135749734089,0.9998109162692569,0.7023172905525846
336,0.4279267952177469,0.3390544770994404,0.4285454243522516,0.5194504402886353,0.9998067519396447,0.6764995083579154
337,0.4607719031649763,0.3622318644316385,0.4333573729653129,0.6100160928929743,0.9997804289490568,0.7633228840125392
338,0.44760537591499266,0.35437753995506543,0.44076014584290213,0.5552554774084875,0.9997902683408967,0.7160589604344453
339,0.4973054593890458,0.4022237283713174,0.4869635503860766,0.5979836696744072,0.9998069661615191,0.7609805924412666
340,0.44447775907569326,0.348225860143392,0.42737778284080946,0.5655077287733647,0.9997734755947548,0.7445054945054945
341,0.40487532237653945,0.31442739888319776,0.4047886233365346,0.5114723821939057,0.999811845943274,0.6954851104707013
342,0.3966844475863258,0.30846607979047497,0.4024255272759167,0.4983374020191235,0.9997943826451637,0.6916118421052632
343,0.4761044622837192,0.39206941108764637,0.47205901631367747,0.5588970261221569,0.9998330213572657,0.7178014766201805
344,0.4520971232374848,0.3515138916499341,0.43553320157756803,0.5929195058229758,0.9997928054193641,0.7713004484304933
345,0.42704367914465896,0.3320778520958518,0.4198288316340163,0.5456799199909246,0.9997630529726076,0.7227505486466715
346,0.3945385691097649,0.3084285471432312,0.3760375456705771,0.5225225334342264,0.9997941205094775,0.6762208067940552
347,0.4696705941109219,0.37962114744101055,0.461827280620622,0.5575305379755151,0.999817353027707,0.7379733879222109
348,0.4306285659338509,0.3384174731851043,0.44416239068856667,0.5180477513225219,0.9998065548669229,0.7209533267130089
349,0.4443624547820891,0.3524534660123239,0.42210626975943727,0.564202281060522,0.9997904680431808,0.7177554438860971
350,0.44081030727371967,0.349428640007861,0.438484747605195,0.5570025541930433,0.9997826595526603,0.7472885032537961
351,0.4622932428381835,0.36259448443495423,0.45214015741370434,0.5755515583412019,0.9997647383862424,0.7491638795986622
352,0.3976526831079683,0.30443823149557186,0.39703929729370163,0.5153615163563338,0.9997681444960608,0.7049586776859504
353,0.4581612979997672,0.3631802004085507,0.4414947504266464,0.5761428431652281,0.9997933084152019,0.7313609467455622
354,0.4575552414373676,0.36315610731712034,0.4446336233856122,0.5642857031203653,0.9998021908185781,0.726457399103139
355,0.449295571898947,0.35507469106975315,0.44069019541415816,0.5666395791739729,0.9998112587753436,0.7288288288288288
356,0.47098763262312476,0.3763273126394515,0.47809289174396385,0.5548178518837635,0.9997713422011759,0.7427230046948357
357,0.4651248307021812,0.3721091155411525,0.46561577402841176,0.5705501791058484,0.9998023748140665,0.7437619961612284
358,0.48060244555688386,0.3855980259259042,0.47390697228417716,0.5817209534290886,0.9998022704396424,0.7497749774977498
359,0.4892514804268412,0.39290595050832033,0.46915853618561754,0.5947793561932717,0.9997719759619468,0.7548449612403101
360,0.39733421313497413,0.30785559812512076,0.39378158399371865,0.5096416663991513,0.9997821416750273,0.6900161030595813
361,0.4459080297135296,0.3516889924877596,0.432597114582321,0.5636621034097637,0.9998127450917264,0.7188065099457505
362,0.4283923650933199,0.33157673714900776,0.43713263578993566,0.5298559254465816,0.9997763727677992,0.7389255419415646
363,0.4579187396665435,0.3655353770815327,0.45350593094994696,0.5648952426701116,0.9998187436983131,0.737619461337967
364,0.4496942797366717,0.3630275957380681,0.44619965690471486,0.538710742593469,0.9998075318149694,0.6965998256320837
365,0.42823234726766274,0.33303973081829225,0.43244574668862795,0.5176021639023666,0.999755726739299,0.7366071428571429
366,0.4625901415507572,0.36987837682105307,0.4456595139026516,0.5818208310575254,0.9997660497313093,0.7365900383141762
367,0.49246309740760624,0.3982449126551699,0.4701191432922257,0.6055735041858707,0.9998072917389791,0.7571942446043165
368,0.3961737622657675,0.3059258140533352,0.40121785962034034,0.4904921099563133,0.9997894950229196,0.6822429906542056
369,0.4906406510726861,0.3917239877415057,0.4804074169337594,0.5942982005568546,0.9997486699843348,0.7660984848484849
370,0.4326059606537058,0.3450214376910884,0.4206910941113843,0.5395739671252355,0.9997935723790522,0.7045675413022352
371,0.4638189726338286,0.37403675734099906,0.4548895345643368,0.5734389148786132,0.9998051245989364,0.7497142857142857
372,0.43322372935041226,0.33746935096006964,0.4367610001556202,0.541957705251105,0.9997879864762562,0.745748987854251
373,0.3907108036919038,0.3019883506965228,0.3838483418709193,0.4997329532720094,0.9997850788560877,0.6958710976837865
374,0.4349966829545576,0.33701856800503877,0.4106236079731973,0.5806033325591498,0.999819172635217,0.7343880099916736
375,0.4256385423754283,0.3380161988971322,0.4391920147002305,0.5121618558120591,0.9998080940175276,0.7111324376199616
376,0.43065873993396153,0.34206193284262504,0.41563567309761246,0.5422558079033558,0.9997743490939978,0.6948998178506375
377,0.39606458206934814,0.3079697085009009,0.38699842870510126,0.49848195128225464,0.999806795882811,0.6622746185852982
378,0.4122424647863436,0.31615035860789686,0.4188392585364791,0.5153453456779079,0.9997588611629736,0.7188823031329382
379,0.4426173341619236,0.34633248920267984,0.4325781484926088,0.5512913810455441,0.9997619849447434,0.7265846736045412
380,0.44944549202938866,0.35413548440753184,0.468023773215118,0.5283341622640653,0.9998229609185898,0.7366920152091255
381,0.3921292846021206,0.30968326587344625,0.385106625532941,0.4967582428747199,0.9997813465359954,0.6497560975609756
382,0.4766535142816611,0.38298069730420065,0.45875567774117776,0.5893384974470411,0.999791230945133,0.7560296846011132
383,0.42160018312247816,0.32893861893293286,0.41219625046919894,0.5507937060827047,0.9998049272299784,0.7044830741079597
384,0.4641289053386599,0.3671007450581725,0.4607140793087361,0.5665860841438004,0.9997443587637436,0.751412429378531
385,0.41690038189722856,0.32690417352365647,0.4169540023822536,0.5120685933906978,0.9997934715973301,0.6960203217612193
386,0.42234948177739057,0.3264296316245312,0.40115007195970104,0.5564813453417355,0.999798432438652,0.7073884418434528
387,0.4318434856800742,0.34156072097354906,0.4140879872231017,0.5478749207947462,0.9998047212354182,0.6943986820428336
388,0.4126653770276416,0.32414452816051237,0.41398795851399234,0.5128724835191283,0.9997956274080163,0.6916742909423604
389,0.4462957592137788,0.35199285671734626,0.45477440656048446,0.5359473855222902,0.9998145234598645,0.7423255813953489
390,0.4394164785078443,0.3449449275152416,0.4391314808009104,0.5468657777282885,0.9998134653026387,0.7228041901692184
391,0.47869079304686246,0.3822627151081857,0.46792320543959026,0.5951286161194428,0.9997988327194219,0.7570281124497992
392,0.4572333078622663,0.3587748412348371,0.4550173692703159,0.5636824455265763,0.9998018355513603,0.757380073800738
393,0.4549480889635835,0.36572626492762406,0.4366592503901806,0.568354878981053,0.9997938383723894,0.7096774193548387
394,0.4422824940899459,0.34871661261710346,0.43955649933306884,0.5361202078840754,0.9998064227793497,0.72445117335352
395,0.43629788794996394,0.34358448988576673,0.4402371519149984,0.5247158905420637,0.9998065216573331,0.7104795737122558
396,0.5120037198273304,0.4145789562241113,0.5011770755539099,0.6005041454356376,0.9997968656179841,0.7712585034013606
397,0.44000626181334773,0.352476692499292,0.4309194845637089,0.5457490953732281,0.9997996167888158,0.6967391304347826
398,0.4757946100720698,0.37712862721988744,0.4602494948625597,0.5994008759682372,0.9997936935911603,0.7622950819672131
399,0.43096718972993636,0.3384187251006,0.422526650478791,0.5432052442088228,0.9997993905288819,0.7060322854715378
400,0.4305190003322268,0.3404584314243636,0.42795083875920126,0.527500812508325,0.9997703542905677,0.6932270916334662
401,0.39587332318575846,0.3053609974082242,0.40083525217254534,0.4960285947995826,0.999796386952098,0.684964200477327
402,0.4741114222181723,0.37548956481048246,0.45982718459966676,0.6002456010055421,0.9997815612672657,0.7772020725388601
403,0.44511019147196296,0.3569691427109514,0.4397275219252724,0.5351058594257833,0.9997795050698985,0.6978484565014031
404,0.4283772047507966,0.33481942474821175,0.4258242606808348,0.5379177205060459,0.9997894960654297,0.715669014084507
405,0.4370888735120051,0.3393162922821458,0.43419220594836483,0.5404013867055567,0.9997600904688444,0.7290274684484038
406,0.45284153740838606,0.3606025523131522,0.4575429093522771,0.5445956042064213,0.999815707514299,0.7243460764587525
407,0.4383414653619269,0.34348294020305675,0.4391800485214881,0.5359656189855765,0.9997953454551768,0.7227059611520429
408,0.4876654258765931,0.3894434787838543,0.4684952973091753,0.6153313845728114,0.9997837296642756,0.7737520128824477
409,0.414678933580305,0.3231913512208007,0.4148877536209445,0.5232889641003775,0.9998000003496335,0.6995951417004048
410,0.424248869448585,0.3365374920670254,0.41336600685668334,0.5418522968543914,0.9998136719488783,0.6906820365033621
411,0.4274898715209583,0.34260606067279037,0.41719568662115386,0.5298140209295336,0.9997945555407343,0.6812993854258121
412,0.4366464598408079,0.33928292066583365,0.4298683224830707,0.5566748206782126,0.9997933130468762,0.7391304347826086
413,0.4630491193805916,0.36932311343219626,0.4413846260941971,0.585807833738612,0.9998149254624822,0.7325396825396825
414,0.4215467853672806,0.32578718669474677,0.41614186348869175,0.5523912018688284,0.9998012150745129,0.7401696222050886
415,0.44428145390131213,0.35121332339869793,0.43972677664272425,0.5422300454406184,0.9997778838970445,0.7308333333333333
416,0.47075989132378565,0.37902103243377355,0.46137154868706165,0.5825277622716468,0.9998229409788485,0.7296996662958843
417,0.44429243218853054,0.3488745218492956,0.4192266237677501,0.5743810737958349,0.9997848377428661,0.7230273752012882
418,0.4034042363881284,0.315645174696354,0.394726940382979,0.5172289327013756,0.9998012466517268,0.674562306900103
419,0.4483204316702971,0.35532786878631584,0.43170920436372323,0.5613231410268663,0.9998200323608618,0.7257240204429302
420,0.4063050825176147,0.3221206684852336,0.40924545957124525,0.5034713773917175,0.9997999131341588,0.6758064516129032
421,0.44461949014438007,0.344453754295302,0.4271965037202725,0.5859381729888177,0.9997857825837084,0.7559808612440191
422,0.4447634141056227,0.35017635571523725,0.4324694003007811,0.5644466932267094,0.9997857172746166,0.7260802469135802
423,0.4190563177330636,0.32885254526726737,0.4158452732689756,0.5289236251787269,0.9997989658008266,0.7074041034790366
424,0.4300044833495469,0.33300139190999745,0.42271278463838474,0.5488676497239439,0.9997726285026924,0.7179681576952237
425,0.43770916835439416,0.34895767106747155,0.42276458369175507,0.5467393811188654,0.9998207210407793,0.7012867647058824
426,0.4436382007263663,0.3549754063678107,0.4393977340864543,0.5380424741243497,0.9997971448539201,0.720680393912265
427,0.4460230449121372,0.35369457254840686,0.44043752158754335,0.5554215450633383,0.9997922287712393,0.7141659681475272
428,0.42446831860091616,0.3258293148091211,0.4088765507896645,0.5622598888013162,0.9997892454047841,0.7283437283437283
429,0.4435337840057774,0.3542139335297233,0.43992473703938056,0.5455730773140192,0.9998173810113045,0.7216748768472906
430,0.41219874714310734,0.32396537952262566,0.4218576720010256,0.49010345286508106,0.9998053845985685,0.6756521739130434
431,0.4534863446739854,0.35903734112356434,0.4701075805910673,0.5269743312575536,0.9997883617966089,0.7276341948310139
432,0.4378513768071288,0.34141611901066476,0.4374186212548599,0.5461908926166569,0.9997631675183698,0.7329246935201401
433,0.4297149275354653,0.335917619577279,0.4495977610048436,0.5120155340378326,0.9997739435656389,0.7250489236790607
434,0.4496409969152743,0.35503612760429115,0.4403683542242574,0.5646936606909864,0.999789149905422,0.7363265306122448
435,0.4336865526240578,0.3465150302170968,0.4315686137869312,0.5176414910884624,0.9997869522918797,0.69164265129683
436,0.4340383695518481,0.34115447539805444,0.4206332108672134,0.5512771848110721,0.9997974226688404,0.7076923076923077
437,0.472826932849336,0.3768650781852517,0.4645520857591957,0.5837106883941479,0.9997936742708737,0.7675521821631879
438,0.40021023970220193,0.31557994863618705,0.39675034381328433,0.5324095251721773,0.9997715775182121,0.6999068033550793
439,0.41693154250520564,0.3256817571888833,0.41756577344369583,0.5175121689678078,0.9998125296914729,0.7087872185911401
440,0.5071238659195229,0.4112181619369758,0.501840277822734,0.5947205230436653,0.9997667554245999,0.7683333333333333
441,0.4093732003508036,0.31087835358249344,0.400409372399938,0.5271088825336094,0.9997852239617542,0.720112517580872
442,0.45818912606542744,0.3636453706220894,0.42633763837376015,0.5913352926369196,0.9998214459634309,0.7288930581613509
443,0.4518850029929494,0.35361111725505323,0.4509859108588231,0.5500359573177296,0.9997822559175313,0.7505112474437627
444,0.4282825545389707,0.33684085435833505,0.40939755801061173,0.5379075817231138,0.9998071425812383,0.6920502092050209
445,0.4972359406663228,0.39837841947999314,0.4833140064913214,0.5950021723529884,0.9997956089885313,0.7708333333333334
446,0.47267229113335535,0.37391546337316134,0.45925656412311544,0.5899136393321316,0.9997967872802647,0.7522851919561243
447,0.4739346352992054,0.37995505283052433,0.44732140382424285,0.6058460111086225,0.9997878627173566,0.7480314960629921
448,0.4126586759814782,0.327865626611959,0.4018217963089365,0.5088495144655839,0.9998113697251327,0.6666666666666666
449,0.4728234396507694,0.37942867449836826,0.4531477679188178,0.603683654876095,0.9998086770568887,0.752548656163114
450,0.4762650874014936,0.3780659412800329,0.4544279650057771,0.60128918069631,0.9997889135745207,0.7554655870445344
451,0.45194759378785526,0.3640597102307625,0.4695717960394476,0.5236523824220995,0.9998278424911169,0.7210526315789474
452,0.4305184561098711,0.3400221107583219,0.42730961492993763,0.5273705142931768,0.9997886447132646,0.7051597051597052
453,0.414729653333503,0.3228060584467401,0.41326201054421835,0.5160344137978765,0.999790718216555,0.6974358974358974
454,0.3868110465997529,0.3014878352289729,0.38431627268598506,0.4904674244054648,0.999808904032765,0.6658653846153846
455,0.4107728126844385,0.31885242449479556,0.4204089620413272,0.49658742863772604,0.9997929478419181,0.6926263463131731
456,0.4479984800341448,0.3470747808316514,0.4342302319121509,0.5873627022027906,0.9997802274310562,0.7580174927113703
457,0.5086425436955718,0.41066952686900804,0.49600044536654697,0.610038178817037,0.9998262617892683,0.7631086142322098
458,0.48384210283473233,0.3887089431537896,0.4729673046037534,0.5952658664514958,0.9997805571774762,0.7566478646253022
459,0.4602708192451343,0.3655703295830502,0.47193714145965465,0.5385697066922067,0.9997944139504735,0.7312992125984252
460,0.4035474307660451,0.3129499012697081,0.3844697732581249,0.5395595263914251,0.9997989075068132,0.6945428773919207
461,0.42433226235797483,0.3332683204025235,0.41061203604919505,0.5388321666635156,0.9998045842138646,0.6948998178506375
462,0.46033941593019345,0.3658810370435167,0.4447131756099362,0.575993197062884,0.9998025750702457,0.740495867768595
463,0.3935470535871478,0.30802402626105463,0.40239560362128624,0.4795909630590159,0.9997991568542057,0.6708029197080292
464,0.4767927029080327,0.38030038443702163,0.4681514909037964,0.5853860176603806,0.9997891649182653,0.7550482879719052
465,0.43869617669861755,0.3419423814428816,0.4163597031348816,0.5617871842882134,0.9997773567327077,0.7314734088927637
466,0.44433874987938715,0.3469646291996969,0.43593668207938396,0.5599090010798748,0.9997857664740206,0.7504215851602024
467,0.4577594867985311,0.36139475148453354,0.45898312976976524,0.5615255134655316,0.9997949925199257,0.7425897035881436
468,0.42989240736935985,0.33626324291624343,0.4330485716857751,0.5254034323616577,0.9997951356577305,0.7137870855148342
469,0.48051738638577735,0.3827850790082705,0.460926258018072,0.599506844075496,0.9997921288197957,0.7520215633423181
470,0.4424044214555239,0.3479489630169359,0.4333888968914225,0.5547189395813215,0.9998310603653339,0.7171171171171171
471,0.42516528762872463,0.34058968362881414,0.40744865475475633,0.5264702171606511,0.9998146724006705,0.6597353497164461
472,0.42325537571577637,0.32869509076882597,0.4157350472233873,0.5474626207834711,0.9997859585598292,0.7193605683836589
473,0.45983844705695603,0.3663622556420862,0.43268294382389727,0.5851595612623948,0.9997788400701807,0.7255772646536413
474,0.4423823431582909,0.34532642447845036,0.45260032155585384,0.5456686969457059,0.99980633353993,0.74
475,0.4576985823854082,0.36445083974835757,0.4513981232724778,0.5661616472981685,0.9997962371176551,0.7205741626794259
476,0.497794840333118,0.4055150437006118,0.4942512909173504,0.5819589218493896,0.9998079041157438,0.7461300309597523
477,0.4690726534850505,0.3772848200539637,0.4759190497671408,0.5464326817215375,0.999815697925624,0.7258364312267658
478,0.41820929883360924,0.3250186555170142,0.4076198080010054,0.5317937607935692,0.999797046127565,0.7041116005873715
479,0.4078541474744985,0.31861739693243774,0.39839516738521763,0.5191804850247518,0.9998005081892186,0.6595330739299611
480,0.45437924644640765,0.36171087471965224,0.4408591267317833,0.5571352296542172,0.9997596705609005,0.7150395778364116
481,0.4188608479827433,0.32037245748725834,0.40704786204552246,0.5525747034682363,0.9997948792068138,0.7266754270696452
482,0.44900462170667377,0.3555850045007082,0.4385011953867423,0.5745698796924649,0.9997832466841409,0.7502304147465437
483,0.4504823777251768,0.3600885352666893,0.43639173170601664,0.5541218175493198,0.9997787196764212,0.7048138056312443
484,0.4156741182523488,0.32345855715650423,0.41645365712122273,0.5257825674922644,0.9998148064465902,0.6943986820428336
485,0.44006385705381873,0.3451719313166674,0.4279478753525478,0.5595588043928365,0.9998083267939316,0.7219298245614035
486,0.5018028989406047,0.4000714656759539,0.47697963618573325,0.6277695609548092,0.9997851661195695,0.7895716945996276
487,0.4829712073486952,0.3847712299605159,0.4629026825152362,0.6057653151143273,0.9998099462107182,0.7720588235294118
488,0.45248500967747074,0.36131879589082744,0.4462558514128859,0.5519353160063075,0.9997974555789125,0.7144128113879004
489,0.42861012315630065,0.3319136203215381,0.41692295752953007,0.547070285081583,0.9997688456635805,0.7253731343283583
490,0.4750914092719065,0.3766691116047821,0.4586203795786044,0.6009825859437633,0.9997892598795701,0.7802013422818792
491,0.44885775939937334,0.35449617660912763,0.4399580087900238,0.5643523949277583,0.999816817171256,0.7222222222222222
492,0.42985790392687073,0.33681142842677686,0.4389034738799329,0.5194671119203804,0.999766986565623,0.7116912599318955
493,0.43362713710592954,0.3445900192211215,0.40841904327090583,0.5558173837390259,0.9997917004744991,0.6882051282051282
494,0.4600652242748515,0.36395505896671887,0.4446486378922755,0.5784299925846019,0.999756330558933,0.7506775067750677
495,0.4788233256237759,0.3781901428862935,0.4811058841724851,0.5908432180290137,0.9997770931519934,0.7724268177525968
496,0.4248263011945804,0.33115306625474256,0.4027680372472628,0.5627329495060093,0.999795157600671,0.710676446617767
497,0.4462186233372047,0.3516054521282603,0.4381122576951782,0.5534453754861346,0.9997809638702508,0.7423103212576897
498,0.4971174868913824,0.39670660178563555,0.46862221101860824,0.6224044264079525,0.9997842068551069,0.7736670293797606
499,0.4246719985752896,0.33236285904163204,0.4258646581975239,0.5254337693212809,0.9997869270587366,0.7162872154115587
500,0.40992998157842747,0.3273485130404462,0.40848997562895806,0.5093732662476061,0.999796138673118,0.6779342723004694
501,0.5206844339184512,0.4224868224920366,0.5087392472465813,0.6216063107362189,0.9997884474798063,0.7892888498683055
502,0.43145096742246297,0.32715951415531835,0.3995420345543688,0.6034230753152142,0.9997813338085613,0.7697095435684648
503,0.43215488419994635,0.33761277165842846,0.4245215040593257,0.5538954392374635,0.9998009534310291,0.7311151079136691
504,0.4323505006766322,0.3385413036686454,0.4332970365275274,0.5389829473476844,0.9997993354988406,0.7209631728045326
505,0.4965959935613063,0.40220032010995727,0.4934927188306605,0.5954409313714418,0.9997878316343449,0.7692307692307693
506,0.43425880081743506,0.33970991827357744,0.41584921246439127,0.5625037369438811,0.999784988298504,0.7195421095666394
507,0.46861280797849003,0.3792369413051832,0.45714771685842603,0.55759630998117,0.9998028198887245,0.7222844344904815
508,0.4422739212689795,0.35083401774405176,0.4309323821536322,0.5474903378670113,0.9997830893092738,0.7110741049125728
509,0.44525008809978983,0.3476537780775431,0.44671049323288,0.54777011866547,0.9997757997471745,0.728
510,0.4522430833146572,0.35978210194165444,0.4501436818717218,0.5545361433229623,0.9998050687221886,0.7345622119815668
511,0.4616146168249903,0.3685502675985744,0.4502587283495884,0.5659088748384794,0.999801167249883,0.7388535031847133
512,0.5120399585980434,0.42163407964144345,0.5013380760831248,0.6087195351237619,0.9998295481070008,0.7631840796019901
513,0.4438833910549503,0.3529254890504895,0.43290005252267993,0.5567616767838786,0.9997884119101802,0.7145328719723183
514,0.4189565427746676,0.32911190560770703,0.40640542131645674,0.5310662530719908,0.9997800615261428,0.683375104427736
515,0.39903771810740146,0.30975058410542905,0.39994368865811675,0.4956349549594585,0.9997851793790283,0.6706706706706707
516,0.46148758898114006,0.3642954796807739,0.4601561984406767,0.5548828112586389,0.9997730337877028,0.731647634584013
517,0.4964653269839082,0.4073239330385,0.4818588492562568,0.5872020685921449,0.9998206558397658,0.7263249348392702
518,0.44864769059445375,0.3539691565235628,0.4448117492048672,0.5441010633849145,0.9997999239852983,0.7174929840972872
519,0.4706218154785745,0.3818455622657454,0.47367825960842225,0.5428815568084039,0.9998082369292313,0.7142857142857143
520,0.4308014125243801,0.33660834843822607,0.41992485679138664,0.5495311884869873,0.9998020867314724,0.7226813590449954
521,0.3953149938856786,0.30855105703343644,0.39688376500029754,0.48934074668943045,0.9997696504734426,0.6756985605419137
522,0.4540443149593898,0.35976849394218674,0.4544473572077658,0.5463717586236589,0.9997747381260873,0.7287671232876712
523,0.4092767922096809,0.31426353965405057,0.4262930591868197,0.5200094330125418,0.9997996763411167,0.7255909558067831
524,0.44170736228886187,0.35053972188239135,0.4327687084976573,0.5517110897179394,0.9997835097935486,0.7086538461538462
525,0.4078802385531158,0.31365031812132943,0.41261690478337704,0.5089323570099051,0.9997662473515336,0.7002561912894961
526,0.43675154688971035,0.3422454407924215,0.4247188121605572,0.5530974104033572,0.9997861640983624,0.7221269296740995
527,0.45745567209053345,0.35670027736786025,0.43619586774887625,0.6009301948292934,0.9997719864343257,0.7592433361994841
528,0.4449271521253591,0.34887466619072793,0.43362325412630337,0.5639115844071882,0.9998015303318782,0.7305171158048069
529,0.4246047095677305,0.3338605071394221,0.4054070518590407,0.550981758829355,0.9997693344761945,0.7034840622683469
530,0.4104860516738713,0.3260223860734673,0.40170728220327145,0.5072625056891941,0.9997703337668213,0.6658206429780034
531,0.4458915505702995,0.35012677133998615,0.4428436328173126,0.5427600580802192,0.9997693375114275,0.7231740306582507
532,0.4457696424587515,0.3571731585150156,0.4367680987969748,0.5421803580660021,0.9997914383718909,0.7039777983348752
533,0.44050552199147064,0.34686010418229785,0.4376715998998683,0.5346476045364377,0.9997634213471488,0.7186274509803922
534,0.46711010640002454,0.37155845375990315,0.4483276722242001,0.5930064386473655,0.9997890468882517,0.7449718423169751
535,0.43114845987949907,0.3393510071281908,0.4375984602980179,0.5184118580503645,0.9997957125731609,0.7104795737122558
536,0.4342860048543924,0.3388885459179795,0.4255563009314083,0.5611383667364378,0.9997952929754861,0.7402376910016978
537,0.42775021705653704,0.3345662665232578,0.4100540211539151,0.5490272684588157,0.9998011280410507,0.7079566003616636
538,0.49954453901901974,0.4067143461973966,0.47911935016313395,0.601531398971508,0.9998024324047028,0.75
539,0.4320993566290813,0.34301979077301403,0.44294494763739384,0.4955129753302684,0.9997964855981178,0.6828231292517006
540,0.4575046180815836,0.36693715435894353,0.45332245751051453,0.5502457020630679,0.9997995970930884,0.7158415841584158
541,0.43351445291787205,0.3447389510062155,0.44658151283931047,0.5235274228775133,0.999812038293548,0.707177033492823
542,0.5063874099270207,0.4074492911840572,0.5010283295102268,0.6134260822406363,0.9997948074739432,0.7944038929440389
543,0.46955861432597035,0.3760488931514984,0.4562498291318167,0.5679488320621153,0.9997891483762168,0.7245119305856833
544,0.44179655958073166,0.35494852851174435,0.4277260024184484,0.5310502790890907,0.9998222012546236,0.6769865841073271
545,0.41770415973944036,0.32650923933623444,0.4247740150377462,0.5162604789884612,0.999804903109729,0.6948051948051948
546,0.4537515662517472,0.3579280222482918,0.4300378095188716,0.5826484744756891,0.999800406388304,0.7335689045936395
547,0.46690235702353156,0.3748840503155983,0.4793391875278779,0.5478546650447621,0.9997817656828234,0.7228103946102021
548,0.49931508908255234,0.40057562673279695,0.47983627484383184,0.6169606920664076,0.9997778053852335,0.7894736842105263
549,0.45798124262312945,0.36446528945873463,0.4415140430932556,0.5690809898939915,0.9997790910281699,0.7239150507848569
550,0.4095459620894383,0.3212974820673528,0.3942584208757033,0.5467914404941988,0.9997801982655277,0.7050538525269263
551,0.43910243948407207,0.3509428784506981,0.4428077712629208,0.5226366274881031,0.9997923418918926,0.6919518963922294
552,0.4085371981115926,0.32331077870336916,0.39865806155242706,0.5109317346539727,0.9997862940546263,0.6684684684684684
553,0.45426601580538045,0.3577523952073438,0.43270797455641236,0.5807839586935438,0.9997685270236466,0.7292659675881792
554,0.42137994463084927,0.32973492967838014,0.4095385592721287,0.5452869325748166,0.9998080097615692,0.7008547008547008
555,0.40562804717593065,0.32373574224926327,0.4031016086508591,0.48113823395682676,0.9997967565316249,0.6382978723404256
556,0.44830354985439075,0.3581648561346389,0.4479101167996018,0.5456122766564685,0.9998076769947889,0.7220822837951302
557,0.4015557198878726,0.315045819847976,0.40414829833196075,0.4898143473176532,0.9997977989354356,0.6606724003127443
558,0.4794570976827442,0.38837045239606105,0.47966112171137665,0.5596450425855872,0.9997939400488325,0.7336860670194003
559,0.4102389750801964,0.317093100215764,0.40182835904162684,0.52379478982045,0.9997984437163461,0.7071600965406275
560,0.44230809646340685,0.3510818423869403,0.4387104883892138,0.5414294358467237,0.999797596137045,0.7245564892623716
561,0.4650857959436937,0.3692273905650073,0.4442393943657839,0.58192151499125,0.9998009987127018,0.7458677685950413
562,0.4547275938567257,0.3645693744083227,0.43463113875958653,0.5698910197914298,0.9998092510778538,0.7141687141687142
563,0.4679206619736062,0.37142313459890003,0.4391309907685455,0.5938643673012389,0.9997799108097344,0.7492063492063492
564,0.4752707501230297,0.382889772048312,0.455002984674565,0.5897959108432042,0.9997802216707505,0.7438297872340426
565,0.4499886962957522,0.3589376246468012,0.4294132554034463,0.553439465397803,0.9997987627989658,0.7062043795620438
566,0.4097912355314494,0.3160366800296747,0.40325613502404073,0.5399322467267017,0.9997856549832377,0.70376055257099
567,0.43117341355910926,0.3425221825377497,0.415136535269688,0.55231089515221,0.9997908117370952,0.7222707423580786
568,0.46882616675024746,0.3742039796519895,0.47347404075303684,0.5566717708437138,0.9998023459900802,0.7403846153846154
569,0.4478471476504163,0.3523141672198486,0.4348750440662312,0.5622023224270112,0.9997653126220252,0.7277580071174378
570,0.4666803223938198,0.36906510299250544,0.4589075904479153,0.583104554451582,0.9997727278618201,0.7676669893514037
571,0.44597000166833783,0.3544186562715779,0.4516189343011018,0.5309703854549822,0.9997783484609564,0.7096188747731398
572,0.44043995555923937,0.3457907191643262,0.4341532276850056,0.544608644857321,0.9997860393127286,0.7387190684133915
573,0.4531092926768886,0.35808148676814416,0.4505370890230361,0.5532822213081957,0.9997805516404532,0.7330396475770925
574,0.4536511862282805,0.35730910674772814,0.44825289831608817,0.5586408240909069,0.9997818855310593,0.7419100236779794
575,0.4178914416201433,0.32885587340213956,0.40112733147335217,0.5306399647725583,0.9998092307868315,0.6827586206896552
576,0.4445097708422366,0.35145151115251694,0.43733534455564416,0.5529317678737725,0.9997960136817841,0.7278260869565217
577,0.4007405205599815,0.30853177406723065,0.4023476306528287,0.5026420709655699,0.9997884436907561,0.6774193548387096
578,0.46199910305080394,0.36790260188104673,0.45213068922278693,0.5670658507487852,0.9997804067554025,0.7302325581395349
579,0.41865865704624583,0.33105660834824646,0.4066537559819115,0.5228995387131115,0.9998134515133179,0.6849087893864013
580,0.4242679407027118,0.3355768075565458,0.4180456426895223,0.5353374877841002,0.9998039787126412,0.7017543859649122
581,0.4388084177877353,0.3465905407724628,0.4301411731046098,0.5534853721295081,0.9997630857421208,0.7287037037037037
582,0.42631590318784146,0.34163492751144947,0.4245100831550854,0.5122634165207923,0.9997867738478193,0.6779324055666004
583,0.4886938706787621,0.39140903490095125,0.48531811104862044,0.5971311701840553,0.999767959464726,0.7772337821297429
584,0.4334391358636365,0.3411759632956604,0.42992864355809135,0.55214204121454,0.9997537487502961,0.7430962343096235
585,0.4519775174450257,0.35931915580905976,0.4474448284277224,0.5508243683699672,0.9997984129679078,0.7327746741154563
586,0.41864859585590475,0.32790055057131734,0.40526932891837286,0.5351694947680677,0.9997754520585089,0.6922492401215805
587,0.40547736871151785,0.31417847984074004,0.426142222120328,0.49078376750352576,0.9997702212676702,0.6996497373029772
588,0.4208517216911751,0.33240073932069647,0.41508491062377345,0.520219525096944,0.9998193744882252,0.6882352941176471
589,0.4313780078293173,0.33797465828575407,0.42437410557485217,0.5485846015276137,0.9997788316442273,0.7228826151560178
590,0.47148828953647653,0.377476045077632,0.4459855541790308,0.5925343355603829,0.9997945879547898,0.7357954545454546
591,0.4353426928332099,0.3473167549581307,0.4284472620083097,0.5350618243562318,0.9998054951411816,0.6969424460431655
592,0.4144000462771569,0.3206044979225308,0.42336979434620986,0.5141297660080162,0.9998103548214041,0.7022058823529411
593,0.3974248881135761,0.3104742000865171,0.3978637591116139,0.4999475864211648,0.9997927934662314,0.6660137120470128
594,0.4289600112363994,0.33217510333272093,0.4078090712309094,0.5733196806489241,0.9997720202696909,0.7290049400141143
595,0.4612838948864073,0.37294740399819065,0.4657882676102955,0.5363590440030542,0.9997989753011759,0.7312992125984252
596,0.42636412347018154,0.3338359706977711,0.43120337204783776,0.5208349080086424,0.9997951324738641,0.7124895222129086
597,0.4640172102501109,0.3710386077121239,0.4563793168233642,0.5680120058605379,0.9997754119808475,0.7252641690682037
598,0.46044859033120744,0.36397137966091203,0.45088668869956816,0.571322910649592,0.9997762989415192,0.7462121212121212
599,0.44521979761035085,0.3524145880945609,0.4336292878345395,0.5514226382564189,0.9997959232008287,0.7243460764587525
600,0.473154155259063,0.3796551624322267,0.46231609316349004,0.5741539995563668,0.999811196570421,0.7278314310798947
601,0.4620933235365437,0.3704271188205133,0.44371191135808585,0.59116570866715,0.999791550133684,0.7417530631479736
602,0.4687788168596809,0.37044887638727675,0.47470928119070327,0.5760009292601356,0.9997707449098118,0.7757633587786259
603,0.4753991996472488,0.38576495279254647,0.48618710490009964,0.5501741183425851,0.9998201284318883,0.7422790202342918
604,0.535374759740034,0.42810238768309455,0.5053352771467352,0.6769664332899433,0.9997895507917346,0.8313492063492064
605,0.4453046609362119,0.35310829213842315,0.4317814118886207,0.5710685619749075,0.9997849556607135,0.7320034692107545
606,0.4439153148469698,0.3449232166113616,0.433459950463698,0.5808460613117129,0.9997691075358129,0.7554806070826307
607,0.4358297638987038,0.344737087288623,0.43182241147406863,0.5262652146848451,0.9998150879834299,0.6944770857814336
608,0.41880965097542977,0.32527429529303503,0.40704113221982907,0.543108710591143,0.99981647726635,0.7107438016528925
609,0.46275334860284645,0.3625737306816009,0.45655751581574855,0.5786727757874273,0.9997712713225606,0.7621905476369092
610,0.4075813645938758,0.3143309025056937,0.4070767715156011,0.5176795348342145,0.9998036972214835,0.7163420829805249
611,0.43276016841758513,0.3450188745082085,0.42334868809947196,0.5367792109865845,0.9997948382593123,0.6882022471910112
612,0.46421729884514557,0.3673514323496272,0.46192663749959567,0.5689638510560611,0.9997639555157465,0.7461389961389961
613,0.45470944593630563,0.3513021230497568,0.42345043333584753,0.6249624658266624,0.9997922656883267,0.7833461835003855
614,0.40573810747130257,0.31682818233128274,0.40264420345214225,0.5111392317456634,0.9997932271076321,0.6918789808917197
615,0.41211804733919766,0.3278944715128382,0.4172660023171441,0.5001795270589318,0.9997891841765651,0.6780973451327433
616,0.45313769296193573,0.3560631143012329,0.44999298817018724,0.5493425700199139,0.9997772861772619,0.7377472055030094
617,0.4437571006008123,0.3544852435362306,0.4389254325891625,0.5458244510317684,0.9998163379423204,0.7092130518234165
618,0.4370721284142548,0.34920898790920063,0.43033552354678567,0.539266978338292,0.9998186296105571,0.6829015544041451
619,0.48232209074039895,0.38654275180297887,0.4761526780519339,0.5822968549035411,0.9997648517624721,0.7589833479404031
620,0.4577679252293423,0.35816756074650963,0.4449282046116317,0.5745174627644143,0.9997944479525326,0.7569060773480663
621,0.3804412540410029,0.2900146782673272,0.39026744596988505,0.4825963162679334,0.9997491215856417,0.6867239732569246
622,0.4415192687608384,0.3447282758242006,0.4377570529209453,0.5599519950408565,0.999797225774949,0.7521047708138447
623,0.45052738798554753,0.35507234777903046,0.4169295088866911,0.5930953541764636,0.9998001443118245,0.728405315614618
624,0.4080276226239,0.3197854647382388,0.40262269864787437,0.5075155787003327,0.9997960993636332,0.6721311475409836
625,0.45433079072747823,0.3650479603402419,0.43281889122337347,0.5724058673423059,0.9998070589113627,0.7104779411764706
626,0.4136418524172822,0.32214493542809347,0.39122148592402894,0.5482148295092993,0.999781782528036,0.7122370936902486
627,0.4981183248354507,0.4027386172346316,0.48193726518179475,0.6094152857753493,0.9997866841547925,0.7703549060542797
628,0.4249729369549822,0.33920731357573575,0.4089820910071612,0.5194567592456872,0.9997915680220755,0.6735159817351598
629,0.4279662809371601,0.3292005374387728,0.41369294363920806,0.5610297124435307,0.9998040736542704,0.738831615120275
630,0.44367518857084176,0.3542397621623671,0.43495978668421836,0.5461570612525849,0.9997964533854005,0.7107718405428329
631,0.4719394608254925,0.3849845874588063,0.46110736222455395,0.5607691543416754,0.9998016798961061,0.7166998011928429
632,0.4438933251295346,0.3524656105098651,0.4332660467279656,0.5465302431898837,0.9997879532255249,0.7024608501118568
633,0.4347725919696424,0.34248451748801856,0.42791995463641996,0.5345383233800031,0.9998078322847231,0.710431654676259
634,0.418636862740787,0.33012587129173243,0.4141983125673194,0.5202940927425624,0.9998033197506507,0.6931937172774869
635,0.49088604664878144,0.3986515919354945,0.48714144670343695,0.5795131903581091,0.9997973877830517,0.7495652173913043
636,0.4073419937382808,0.31952169879919906,0.40749838234359737,0.49815870588372535,0.9998186957414308,0.673394495412844
637,0.4396592464845727,0.34342865714520826,0.4442783678183566,0.5365198665190516,0.9998067110225402,0.7376518218623481
638,0.42343642191657166,0.33440012134482705,0.42804826217810527,0.5198791047958546,0.9997822336780501,0.6987115956392468
639,0.4264142268589158,0.3357663655853075,0.42366085233493855,0.5315917606892354,0.99979862794046,0.70859375
640,0.4117108569819201,0.3205900762169329,0.4052715092758431,0.5123848049850068,0.9998009563212014,0.6965408805031447
641,0.44096701140724776,0.34807377034915105,0.4190223720155704,0.5622932890146467,0.99979670760933,0.7126436781609196
642,0.45565343076221543,0.3711064057964561,0.450815686324952,0.5402259404038585,0.999818600194559,0.7023705004389815
643,0.42930709862131944,0.3359688942016273,0.41986555810515197,0.5414646989911502,0.9997890326128117,0.7047619047619048
644,0.4222139811328091,0.32754299315140417,0.4117379117386026,0.5435962340627706,0.999782879719571,0.7117437722419929
645,0.41516393759509795,0.32167331522994635,0.4167972236909045,0.5202410989561991,0.9997937841992438,0.7154779969650986
646,0.44393841233277365,0.34950918740566894,0.4431673172830967,0.5390590359604192,0.9997935406906989,0.7378964941569283
647,0.4349060681080462,0.3442444361448345,0.4237930719014539,0.5450723437154138,0.9998113303094418,0.7140133460438512
648,0.4183844693183263,0.331891875125539,0.412230044656367,0.5219622855103753,0.9997791971993211,0.6821086261980831
649,0.44053830973814573,0.3466494242241168,0.4373374793797286,0.543964004538611,0.9997973393905542,0.7182095625635809
650,0.4742867488782379,0.3757034835537976,0.4618115848913218,0.6044107099265453,0.9997986759012778,0.7803521779425394
651,0.44222160873763017,0.3479455344277965,0.4296916668371746,0.5502677262644737,0.9998051473576278,0.7165820642978004
652,0.47395627158081777,0.3767208356064506,0.46716932519690946,0.5786907163174845,0.999803999943805,0.7545126353790613
653,0.46266460555295275,0.36515760508470924,0.4358422943545723,0.6035335181006954,0.9997919763446499,0.7537735849056604
654,0.4354530621955902,0.3423348857701039,0.412879196443101,0.564291521569808,0.9997689006040087,0.7180762852404643
655,0.4129139491691834,0.32199675787868137,0.39702800770597424,0.5243700429573513,0.9997978831698773,0.6844070961718021
656,0.3938588111007076,0.3076449533724756,0.3943292760706183,0.4844015386764563,0.9998006461982433,0.6462373933281613
657,0.4635603782844315,0.3704186071794082,0.4603229681470635,0.5560989864676925,0.9997901403746682,0.7317282889079966
658,0.436614338883217,0.34221924963261346,0.42594928861600306,0.5507358626465044,0.9997831020512445,0.7359187442289935
659,0.4102046215284771,0.3243412219578588,0.4010624376383616,0.5153780658711069,0.999808027632142,0.6797088262056415
660,0.44446463105881157,0.35237358412677927,0.42007791094006924,0.5636259722156225,0.9998077200622977,0.7082969432314411
661,0.46264627799765934,0.366581272426805,0.4691819893865457,0.5506626845210141,0.9997869341001255,0.7318531169940222
662,0.45936809485105645,0.3644461570389729,0.44971548762704544,0.5562262203338025,0.9997539472674812,0.7168486739469578
663,0.3531945162409691,0.26767942041565657,0.36944493973982095,0.43663158803508545,0.9998132405027024,0.646690518783542
664,0.4655305787307139,0.37770066550053333,0.4506867068184428,0.572785434928174,0.9998154698422376,0.7246256239600666
665,0.41215511838081703,0.326633526428849,0.4142916125477796,0.4998888191374406,0.9998290577065404,0.6775147928994083
666,0.42773741174278906,0.3346130029975831,0.40072393202582773,0.5677443795361314,0.9997764570295616,0.7214076246334311
667,0.4421729953414142,0.352193068774213,0.4223554884744317,0.5571377955344412,0.9997966251998331,0.7014755959137344
668,0.41957889841257395,0.32617520433389363,0.4193064729239126,0.5131181435687017,0.9997911423040797,0.7001545595054096
669,0.4560336566210643,0.36189863459869487,0.4538686468381421,0.552534201364548,0.9997839353290562,0.7239215686274509
670,0.4741390684612991,0.3848672200093144,0.46181729821777434,0.5700844698698813,0.9998202404736171,0.7254901960784313
671,0.4280314802250545,0.3317870292694559,0.42306021970188695,0.5519333043660235,0.9998177077247622,0.7330895795246801
672,0.42684040778498883,0.3358954670006552,0.4273378915110611,0.5299871952878764,0.9998084069758018,0.7126213592233009
673,0.4027838580133174,0.3133789544773652,0.4066894761107352,0.5030016847607891,0.9997820272727284,0.685337726523888
674,0.45186608521507726,0.35983980149281053,0.4463814740214906,0.5455037402237705,0.999778727943429,0.7125
675,0.43028532969749594,0.3372838837224011,0.4238491437775568,0.5444234461442138,0.9997861426334123,0.7137293086660176
676,0.4235466815535651,0.32811365051305263,0.4116110982086184,0.5605503752280859,0.9998213607345905,0.7325581395348837
677,0.4512718083121503,0.3616789937862453,0.4321882453973855,0.5630125610956385,0.9997874276803603,0.7159090909090909
678,0.4836973741315632,0.3880615549830133,0.46422827554617324,0.6049736542231291,0.9997893800436075,0.7642487046632125
679,0.46710487879308726,0.36973376724387236,0.4666223208847787,0.5733907003560694,0.9997780144651264,0.748015873015873
680,0.4067311685190598,0.3094294539879682,0.4099892072765093,0.538112012911133,0.9997408733479308,0.7414965986394558
681,0.43631597820536006,0.3445980593520454,0.435679363440183,0.5240463825790578,0.9997837848803534,0.706855791962175
682,0.45783856473684914,0.3609518818956072,0.44403020051440334,0.5748120920237816,0.9997844857055654,0.7409747292418772
683,0.4083812929830595,0.32165987677068797,0.4081683878266706,0.4947298200313906,0.9998092139980904,0.6578699340245052
684,0.4229709516509176,0.33045213807311874,0.4355583575689739,0.522299872048253,0.9997706332510826,0.7191558441558441
685,0.4672111481026313,0.3717728409585402,0.4761166861496349,0.561788108421269,0.9998067241237122,0.7527985074626866
686,0.47070484743667657,0.37921465178242886,0.48201335640295834,0.5570287839615357,0.9997641232957601,0.7540106951871658
687,0.48452839507768497,0.3872795868457885,0.47221201154922504,0.5950486581112495,0.9997985120310597,0.7549956559513467
688,0.4654919127903843,0.3703235286726522,0.45914980743698813,0.5710695297972223,0.9998013115674971,0.7600749765698219
689,0.44204392657054464,0.34899139068678514,0.4568052801711839,0.5219678596262601,0.9997976873634288,0.7226487523992322
690,0.452446052140778,0.35837627980535924,0.43913241753323146,0.5754927716618322,0.9998024241216323,0.7356143079315708
691,0.4560753111590071,0.358842767954707,0.4428652025455801,0.571109622259692,0.9997815204056394,0.7612085769980507
692,0.409414192517833,0.32633747270197316,0.40676583647546494,0.4945179961629703,0.9997768859951232,0.6459948320413437
693,0.46201811877861365,0.36411293112552556,0.4429580747147283,0.5920723393310169,0.9997912168090906,0.7590697674418605
694,0.41538711638201353,0.3304213122313722,0.4097822991218348,0.5148664896925723,0.9997966834010269,0.6916376306620209
695,0.40152326324539445,0.3136728779104367,0.4107709303164832,0.48166539218461496,0.9997866393394236,0.6628621597892889
696,0.4511673911504572,0.3564302801984041,0.4474634798057979,0.5552795695749813,0.9997920474929676,0.7281553398058253
697,0.4474301054828016,0.3472064399204644,0.45281868806042597,0.5528307072847801,0.9997880824307691,0.7404103479036575
698,0.456687648066292,0.36775498875231954,0.44107801177163336,0.5544824348879486,0.999799207196565,0.7115577889447237
699,0.456521206168655,0.3603356558555316,0.4358322261914473,0.5701531673454797,0.999811021584892,0.7337434094903339
700,0.4355727151957714,0.3355116219858884,0.42196359801067024,0.5642755963231357,0.9997773576045781,0.7399103139013453
701,0.4051259795740832,0.31027589439347736,0.39694045986012366,0.5288729677439553,0.9997775023160427,0.700888450148075
702,0.4817164193860842,0.38958852668485344,0.46806170978749634,0.5718890590607166,0.9997866470695093,0.7334593572778828
703,0.4309197559135269,0.3416611571803523,0.4488341261227904,0.5147860928489906,0.9998257282298854,0.7218934911242604
704,0.43225256002714424,0.33954486890424684,0.41955480155223696,0.5423280142884644,0.9998068447462652,0.7194004995836802
705,0.45078234506962783,0.3551411401517009,0.4528228853574544,0.5391086800951037,0.999764313475986,0.7275775356244761
706,0.4196411915472591,0.3303269924328014,0.4239659655448856,0.514029932365492,0.9997895745814717,0.707647628267183
707,0.4555861977552007,0.35700673744999,0.43806277365409896,0.6030000051921491,0.9997851886287257,0.7628099173553718
708,0.41100615099161436,0.3214707709043285,0.42634838523389285,0.498585836898901,0.9998176750115774,0.7040358744394619
709,0.4215475937134777,0.3238325471082952,0.4363810449880258,0.5228160653263596,0.9997788166448333,0.735071488645921
710,0.44424436470216927,0.35025242423289427,0.42812899180263664,0.5495169793014324,0.9997972456790549,0.7218543046357616
711,0.45322497812542917,0.35801796308142375,0.44703269215352864,0.5519431936290327,0.9997673936683955,0.7291311754684838
712,0.44256236131275495,0.345225399822967,0.4505644619116294,0.5329748748038313,0.9997650582619266,0.7435064935064936
713,0.4265151929584505,0.33131113285510644,0.4075785673002252,0.5530936589112952,0.9997718411316893,0.7209474463360473
714,0.42574519484728157,0.334317301751708,0.4352543387297668,0.5140791619676496,0.9998039384950824,0.7122692725298588
715,0.43346155769678735,0.3333351257640363,0.42130384180056196,0.5678025518157435,0.9997985071709726,0.7497865072587532
716,0.4304355100840369,0.33713671940811346,0.4465556641410981,0.5279744230565525,0.9997782734044176,0.7298076923076923
717,0.4060009231446626,0.31675915816996036,0.42680616133206734,0.4897281276260249,0.999800952709134,0.6856581532416502
718,0.4529534903362148,0.3603622512193967,0.43995801384153893,0.5582661390963852,0.999792385864122,0.7189939288811795
719,0.4547285512578998,0.3597080229941826,0.4631921434631102,0.5437307594410804,0.9997924361299831,0.7335701598579041
720,0.460139175083547,0.36092375393250153,0.453342639937739,0.5881190864773377,0.9997664873037598,0.763396537510305
721,0.47510890494804886,0.38730670445416693,0.4690466617317827,0.5554848101925024,0.9997792475444729,0.7197149643705463
722,0.4500102926069454,0.35499702797328353,0.44695460337550513,0.5554756995377796,0.999802307785991,0.7412935323383084
723,0.48580948302224425,0.39290192753045206,0.48390094019336155,0.5717090017188758,0.9997528639945524,0.7468727005150846
724,0.4316101604918567,0.3333589889893116,0.3999908815344266,0.5888786307784282,0.9997984110825259,0.73831123517097
725,0.4467129884400799,0.3534691426767003,0.43454612013099614,0.5509484324077629,0.9997721604058796,0.7138297872340426
726,0.4453724411297318,0.3484589838842609,0.42458767025140237,0.5746614085263367,0.9997976481414831,0.7414383561643836
727,0.48150462432748015,0.37698668624210524,0.45851765251028465,0.6243070887422182,0.999760760708482,0.7962798937112489
728,0.4379710213256562,0.3461694998246444,0.4284516674491431,0.5532436142344895,0.9998177970628446,0.7125193199381762
729,0.43661345166479704,0.34340215962241205,0.43286881022224794,0.5497198763971985,0.9997597402310093,0.7209944751381215
730,0.439703600583422,0.34648473337151164,0.44730674689586125,0.5312290629675975,0.999808372205754,0.7128157156220767
731,0.43403863334975895,0.33801363976028875,0.41520052132824037,0.5620653517109114,0.9997811458876085,0.7303082191780822
732,0.42636986137651367,0.3338089073260107,0.4309048973124168,0.516830963072068,0.9998098361636796,0.7037878787878787
733,0.4564919531153452,0.3588894151137272,0.4543812161420143,0.5538792918361974,0.9997801766216007,0.7487644151565074
734,0.4135739134121111,0.3209981544124275,0.40995445921979434,0.5204143137125433,0.9998034852330284,0.7009419152276295
735,0.4531376066027314,0.35735329616546874,0.44703658137204105,0.5611643990612459,0.9997946467079533,0.7347294938917975
736,0.48913935805508146,0.3928612008814735,0.47652733076005566,0.5948275966546563,0.9997976499526846,0.7700587084148728
737,0.440235370163973,0.34722696390684543,0.4384397042444369,0.5418924448762955,0.9997806105646516,0.7238403451995685
738,0.4289673123987273,0.3354574166283999,0.41549674101939726,0.542352759850256,0.9997962602003156,0.7093558282208589
739,0.3874210522825596,0.29961065029790207,0.381899584645117,0.5020412497387798,0.999788090338561,0.6617526617526618
740,0.41444602250423856,0.3240596189047378,0.41769097662353744,0.49800926622235664,0.9997988537419128,0.6771714066102997
741,0.43462249025035093,0.33936382787927527,0.42585570690638985,0.5446096404255216,0.9997839294061497,0.7317784256559767
742,0.4634048781833828,0.37135338694120085,0.4467142213471804,0.5734671855088019,0.9997830585169182,0.7320261437908496
743,0.4562597812609275,0.3626655545961612,0.4538705313270389,0.5519231225101107,0.9998204478667981,0.7420998980632009
744,0.3907525023213698,0.3008464018495297,0.3795743363257895,0.498003334623526,0.9997953003661659,0.6641846612062546
745,0.4293267062863711,0.3405840669338421,0.4233478840652821,0.5217369838315292,0.9998032662378433,0.6802973977695167
746,0.42288431498018536,0.32945583750031704,0.4155798133594538,0.5317470183789877,0.9998001693415244,0.7005253940455342
747,0.43551376523072993,0.3472222766246159,0.4198672978976019,0.541933185358212,0.9998018510948039,0.6904564315352697
748,0.41401572511292817,0.31809057117384504,0.42302307425607955,0.5102020921074136,0.9997543465401034,0.7201458523245214
749,0.43483301132606755,0.33686330644574497,0.43138064960573275,0.5573266502746281,0.9997995701787441,0.7558644656820156
750,0.4037873851982546,0.3154744496965912,0.3933119971374896,0.5340224905501062,0.9997876479665866,0.6851683348498635
751,0.4154233254171959,0.3231908258519228,0.4089270507196223,0.5251376571938092,0.9998128647487033,0.7079169869331283
752,0.42947275612177055,0.33510115421915276,0.417315032140767,0.5522871212983793,0.9997917837547738,0.71
753,0.434950823440413,0.3408939251188635,0.4093165906247813,0.5691202477617289,0.999784390699255,0.711340206185567
754,0.43877142859776164,0.3476721556738802,0.4329834334317239,0.5337401502892337,0.9997892198257063,0.6982097186700768
755,0.389091500389743,0.30074783949002326,0.37971302106905186,0.5039273831258161,0.9997871509408268,0.687964338781575
756,0.440571289720822,0.3489553443244797,0.43647569564458744,0.5508078740684224,0.9997794935756865,0.7315555555555555
757,0.4677766360511987,0.37204880237166194,0.4609415051005735,0.5671387645461797,0.9998001253153936,0.7398589065255732
758,0.429793379497254,0.3381057812117353,0.4260375946683826,0.527641007452058,0.9998011173653484,0.7046632124352331
759,0.5015543413340244,0.40622649934974286,0.4884385310262974,0.5948044769540798,0.9998075856135155,0.756319514661274
760,0.46082241085452447,0.36682415433567117,0.4445295106014298,0.5788222647308071,0.9997735542145952,0.7400177462289264
761,0.4563832891048851,0.36015499621251446,0.4656879235809165,0.541008503419033,0.9997736903730577,0.7461406518010292
762,0.4242026343994694,0.33344177333398645,0.4248907047517973,0.5236320411647273,0.9997969472026808,0.7145135566188198
763,0.4109531427905004,0.3240640558482708,0.3947452544439518,0.5137155736797931,0.9998043562309812,0.6635906040268457
764,0.46451864116440783,0.36861173751091164,0.46009426181815705,0.5756892360094922,0.999779302980395,0.7433789954337899
765,0.4561502514892568,0.3599358846655348,0.4476021656214141,0.5771756186701019,0.999797684342848,0.7548845470692718
766,0.41346971582783043,0.3232278204841771,0.41341716756442043,0.5069835945688577,0.9997894813106525,0.6998158379373849
767,0.45194483794677426,0.35932829472303596,0.4386445642017198,0.5697494134823953,0.9998105036371301,0.7428833792470156
768,0.40300798088986434,0.31119627611937245,0.38846474750779486,0.5313152681841978,0.9997923636401018,0.693745506829619
769,0.5094315440368242,0.4122575207467263,0.4951224255149516,0.6159910726927853,0.9997998013427681,0.787141615986099
770,0.4482628598808953,0.35715218201132326,0.4511292413473356,0.5365995136548963,0.9997868919171014,0.7195809830781628
771,0.43533483189265737,0.34211724462713966,0.4160104433661526,0.5613458192078306,0.9997915715279253,0.7195696032279758
772,0.4505565897542604,0.36061915819421697,0.45162588941743026,0.5343033615142307,0.9998164422037763,0.7094594594594594
773,0.3945752059867982,0.30195024707364004,0.3977299795562689,0.4914370324023631,0.9997992384378818,0.6731967943009796
774,0.41779320508056444,0.32844484663710444,0.4252719958140593,0.5115204151094331,0.9998041893803723,0.7098445595854922
775,0.41786120093589335,0.3244073076773044,0.41916949045447577,0.5216789941762291,0.9997731839464514,0.7101214574898785
776,0.45779105489691685,0.363050410570998,0.43762159829557085,0.5775770514996639,0.9998100965245138,0.7347931873479319
777,0.4657402446432301,0.37789252747921137,0.46819233644037783,0.5603913253774515,0.9997823177002187,0.7218614718614719
778,0.4483298629893138,0.35523354043518557,0.41886776888602445,0.5826424367610111,0.999788719745698,0.725
779,0.4364480608392947,0.3434810177650701,0.4298758285405586,0.5432432297116877,0.9997791855205903,0.7175843694493783
780,0.47439179820243155,0.37871137153762147,0.4560661412095807,0.5917473113605978,0.9997999374652313,0.7518315018315018
781,0.476799028842903,0.3832981607237851,0.4654019054559081,0.5695509099552553,0.9997876222709142,0.7377049180327869
782,0.4653947303941915,0.3672484674369393,0.43549541081150334,0.6045135890255382,0.9997802583098309,0.7440476190476191
783,0.4178356423719585,0.3232783859761211,0.40250356781296204,0.5447374200227052,0.9997979298804295,0.7161654135338346
784,0.44904444729986864,0.35535922390030106,0.45909223509458286,0.5247055555804402,0.9997837769497092,0.7315789473684211
785,0.42101939539291555,0.32920174314611206,0.40742936340213637,0.5439258203959907,0.9997945422844404,0.7014446227929374
786,0.42132948066540504,0.3257914261255064,0.40927259529657406,0.54030262332162,0.9997933790036798,0.7121551081282624
787,0.505568204467284,0.4130403376515614,0.49130036191267523,0.596466989318597,0.9998053956386616,0.7532994923857868
788,0.46141434959967637,0.3662500579370788,0.466389998242729,0.548499909014711,0.9997791235025384,0.7421383647798742
789,0.4838522457463081,0.3884718887906721,0.4692454880821995,0.5984884038303755,0.999799163567171,0.7534136546184739
790,0.4173341655572394,0.32523060706643303,0.40343633463419415,0.5382416041864896,0.9998002815541537,0.7091875474563402
791,0.4165486020875233,0.3238238014524367,0.4358846756092904,0.5053853361478792,0.9997974662026381,0.7138613861386138
792,0.49432805857870377,0.3957646679440552,0.47531622207275437,0.6145104719095603,0.9997617015524217,0.7765072765072765
793,0.45355746509211475,0.35235699692749617,0.4536520037769297,0.5627690801399045,0.999791166259821,0.7478862413528056
794,0.4517623341074983,0.3591054167362638,0.45742719676586385,0.5437300733900259,0.9997801377366763,0.7434743474347435
795,0.4032542145023113,0.30908202874845286,0.3920061127230298,0.5308620866764822,0.9998016103164181,0.7031700288184438
796,0.45119223291648075,0.35505900196581436,0.44513828868044386,0.5646665305653475,0.9997740426642672,0.7364921030756443
797,0.4438259100575112,0.347633257783152,0.4293364357824039,0.5755310784033979,0.9997962319036249,0.7486187845303868
798,0.473504884466486,0.3796789617635385,0.4594554383218377,0.5806613449452719,0.9997830391159745,0.7488829311885612
799,0.40475369577839326,0.31641555667789295,0.3942931440001777,0.5336080694523667,0.9997900322430637,0.702048417132216
800,0.47676715017977495,0.3796259557195698,0.45066081962833515,0.606489521488995,0.9997920915374258,0.7577220077220077
801,0.44404111522728307,0.350357663266661,0.4520799816937654,0.5267163426330028,0.9998152934077414,0.7211538461538461
802,0.4112674146342781,0.32223215133369726,0.3997638883825137,0.5222225672458347,0.9997892011697205,0.6860371267150929
803,0.42011493849755305,0.32871870180669355,0.4199840006180315,0.5318356128779103,0.9998153162998854,0.7146381578947368
804,0.45317851824859967,0.36387293741632076,0.44936927954347994,0.5569882688316165,0.9997834501673213,0.7180385288966725
805,0.4308605040299304,0.3451779940846118,0.42472077362258565,0.5254941812052207,0.9998112083691707,0.681657848324515
806,0.4153668947667826,0.32462750771971427,0.4198574865799391,0.5063576796418834,0.9998010225955911,0.698455949137148
807,0.4913560756069954,0.3852369591643927,0.4796521485204055,0.6182494017796668,0.9997610377325921,0.7940886699507389
808,0.4446670280400859,0.346439395379445,0.4361847985061678,0.5596313260115319,0.9997932559896087,0.7509505703422054
809,0.45397471864914146,0.357107917773796,0.44989982627734465,0.5630398376855202,0.9997844852915475,0.7355573637103336
810,0.4249015490024162,0.3314355857601432,0.4201362870641497,0.5286145574088386,0.9998135812920413,0.7064793130366901
811,0.4420105727200668,0.3456467114940133,0.43986475106255063,0.5508418795133745,0.999783480295046,0.7439222042139384
812,0.44047293921023994,0.3477500268758836,0.4293875200719628,0.5560295170750288,0.9998092820191402,0.7248953974895398
813,0.4512236981419424,0.3640019624883939,0.45908286834932127,0.5329975752918822,0.9998181410421718,0.720160481444333
814,0.45960422653669225,0.36571590197086823,0.4417033473261135,0.5676532846357306,0.9997929787976712,0.7303643724696356
815,0.46455488570866843,0.3700788258518066,0.45242591512076535,0.5680963323559022,0.9997778932931841,0.730883813306852
816,0.4543908048521123,0.35990652688601055,0.42369535889140153,0.5839186500035671,0.99982359332562,0.7251552795031055
817,0.4199091553454959,0.32336525228293794,0.41029603215559873,0.558631761119591,0.9997902536097698,0.7384760112888052
818,0.4293317480364629,0.3389501403983639,0.4302950920627533,0.5237323302490964,0.99979270847442,0.6927244582043344
819,0.45033582522082627,0.3541086324157801,0.43890893193817176,0.583326338611681,0.999824620686022,0.7565582371458552
820,0.4023276484226436,0.31226762131567326,0.4084467426874449,0.49522176714266347,0.9998045793505332,0.6801292407108239
821,0.46040528157273525,0.3624316035628271,0.45165136646590354,0.5712344613395949,0.9998002064652057,0.7457322551662174
822,0.4440435072574429,0.3460577033503168,0.4318276608819662,0.557919276479748,0.9998117819627315,0.739593417231365
823,0.4220722968158834,0.33045002441418936,0.41603712628502987,0.5334788555619576,0.9998000197681343,0.7081413210445469
824,0.46093137961452135,0.3654674763337682,0.450350568900447,0.5752961731687751,0.9997803498320886,0.7506493506493507
825,0.443714268967167,0.34469601811002504,0.4312368124992315,0.5688254524083679,0.999767323157301,0.7540628385698809
826,0.4407081303493889,0.34237083442719823,0.4238402790683701,0.571105944615026,0.9997785899022766,0.7333948339483395
827,0.4431255194826099,0.3484480323814582,0.44614192483185033,0.5470669128291037,0.9997930295232907,0.7394438722966015
828,0.45048923347877823,0.3519304293200256,0.44568455296718473,0.5799010549781344,0.9998137435848394,0.756266205704408
829,0.40429945204988815,0.31498526678244093,0.4087040874393667,0.5116488981261917,0.9997858211170618,0.6829477292202228
830,0.444277264715512,0.3513985264005539,0.4242146621562487,0.5747607072243318,0.9997678772141331,0.7358333333333333
831,0.4624668884736009,0.37269226100376,0.4644855701961872,0.5486414841238777,0.9997751890665604,0.7227488151658767
832,0.4322563158854769,0.33706607334660704,0.4270037030570374,0.5376546847186437,0.9997898120004799,0.7191489361702128
833,0.3882120143657159,0.3036681789102489,0.3880263146867647,0.48270216200697036,0.9997949107939494,0.6419545071609098
834,0.4357787556655204,0.35091612751757384,0.4300820813732051,0.5301458777335278,0.999797397261615,0.6857419980601358
835,0.44291934030473884,0.3482402484178263,0.42794078950538506,0.5542238800105401,0.9997986709207628,0.7273576097105509
836,0.44000578818335645,0.3463814899924797,0.4581377782292158,0.5104647634172516,0.9997816708847264,0.7175141242937854
837,0.4486138325047434,0.3566988499021865,0.44213734726056875,0.550451983063348,0.9997879113464805,0.726475279106858
838,0.43309992769623123,0.34001336089072715,0.42159983159275827,0.5369425131492059,0.9998011954186278,0.7076663858466723
839,0.434347026544802,0.34438446561622077,0.42753947216780996,0.5437583995198906,0.9997758567989695,0.7026737967914438
840,0.447116399257632,0.34887477899594815,0.43407451912016104,0.5647882029773615,0.9998166244787415,0.7309304274937133
841,0.4274188769382917,0.33498141652574615,0.44718138710989075,0.5055086430518454,0.9997831228725549,0.7125796178343949
842,0.41207961643057717,0.32102467013368113,0.40906454020676525,0.5306880686080303,0.9998016670333066,0.7050473186119873
843,0.41910698657423007,0.3281593267959614,0.4085201416901761,0.5318137447527991,0.9997634563637511,0.6857976653696498
844,0.4194266409720062,0.3253531084844071,0.4231611961004714,0.5276922627680612,0.999799261367424,0.7117516629711752
845,0.4307018173015039,0.3372928030118211,0.4284447857549774,0.5287760690345482,0.9997600718735796,0.7113003095975232
846,0.4600745925590207,0.3673418308892189,0.45454704894574693,0.5556782443239728,0.9997978393070622,0.7408975444538527
847,0.3821853999261274,0.29066982492576204,0.38024101262528176,0.5034654150498749,0.9997971488331486,0.6792777300085985
848,0.4599072898405013,0.3631007652830555,0.4419339001832116,0.5858857528078959,0.999790482557467,0.7539267015706806
849,0.4617169060805742,0.3685170943216274,0.4480250752095064,0.5740848835684257,0.9997828251067628,0.74212271973466
850,0.46694807225914986,0.3683314920491212,0.44301684300729227,0.6097593187397332,0.9997734212906407,0.7704347826086957
851,0.4494016344892696,0.3568714752304323,0.44949459116074014,0.5413209080576666,0.9997974007770862,0.7163299663299664
852,0.41173108894340954,0.3186792807329875,0.39318167886802374,0.549953929302649,0.9997909794716103,0.7056798623063684
853,0.4483866172639603,0.35800608961834696,0.4430714589793538,0.5400831788793411,0.9997820408052362,0.7170245398773006
854,0.4162088147439491,0.3295166091002065,0.41144675739185743,0.5221922723407089,0.9997963872556135,0.685546875
855,0.4596119369399366,0.3728416988380271,0.45524662718824493,0.5428631048900139,0.9997839581653627,0.7040913415794482
856,0.44986108850721773,0.35954995099935194,0.44156575221433736,0.5406074178321235,0.9997937968399202,0.7066246056782335
857,0.451908390664855,0.35914789992104856,0.4415550360033008,0.5568330096801959,0.9998025101339773,0.7262658227848101
858,0.4441580312088022,0.3489151557433105,0.4442588730970733,0.540200092939634,0.9997748562819762,0.725752508361204
859,0.45123101742889676,0.35392952332870126,0.44344879903445,0.5659628776563056,0.9997988444452603,0.7434002111932418
860,0.44113343132580535,0.35014230529959817,0.4260591435263955,0.5519835021587299,0.9998023868936542,0.7142857142857143
861,0.4553222651042887,0.362570815559299,0.4498366555626511,0.5533944374556914,0.9997837998733631,0.7188498402555911
862,0.44424358121592494,0.35352824365872637,0.444695751913079,0.532129696709749,0.9998165071012166,0.7211822660098522
863,0.4312619643307836,0.34063592920269314,0.42325467978996334,0.5457684977021966,0.9997810912374112,0.7125984251968503
864,0.45618326796295294,0.36232182976667776,0.4367690936802401,0.5729023894919756,0.9997884566260455,0.7266121707538601
865,0.463186913833312,0.3670110229520302,0.4651471774293446,0.5553261568677722,0.9997769060831561,0.7452339688041595
866,0.45410739192279564,0.3549069513891847,0.4509614421343091,0.5797914645509077,0.9997761702217812,0.7550482879719052
867,0.4422237219621725,0.34756455714161716,0.4157086212370805,0.573127594745969,0.999781233595901,0.7211291702309667
868,0.4581120318960997,0.36088090350138236,0.44141699144572183,0.599218651377102,0.999783335725667,0.7690058479532164
869,0.41172466625269166,0.3221730359731612,0.41636414830029916,0.49586860084240436,0.9997812875036047,0.6836027713625866
870,0.4363558086337125,0.34451093546534595,0.43671083152335427,0.536720359866755,0.9997741909020981,0.70508166969147
871,0.45788473943325997,0.36024276555735385,0.4499712295732172,0.5738789110412207,0.9997805704474698,0.7444237918215614
872,0.40794791263205554,0.31909768245350023,0.4028947190029045,0.5182799025326394,0.9998127512824867,0.6930533117932148
873,0.4186873461727593,0.33583726585672996,0.4101514520051007,0.5132397781392838,0.9997858479128215,0.676200204290092
874,0.41877330222325926,0.32968887928493656,0.4279099095878199,0.5088130051445932,0.9997861011030275,0.6928728875826599
875,0.41594279412446494,0.3297949655780549,0.4260917991447947,0.49709872320334597,0.999773630647271,0.6704081632653062
876,0.4297445296287386,0.3407702816224567,0.420605327847916,0.5262085095273387,0.9997910144117286,0.6943089430894309
877,0.44455697178502873,0.357998870994268,0.4401479514835456,0.5405975709664865,0.9998355764833423,0.6960873521383075
878,0.469122310707016,0.3694223274312701,0.45832999247087935,0.595213652538344,0.9997900433589316,0.7680140597539543
879,0.3939690094838986,0.3092686892976408,0.3838338777182925,0.5048776129195787,0.9997816462687816,0.6529360210341806
880,0.4731072071030913,0.377157557198064,0.4614839854139667,0.571791986160475,0.9997859862849267,0.7445932028836252
881,0.4454714986476864,0.3529092950720338,0.43465785563669407,0.5600722311747566,0.9998029325760213,0.7405128205128205
882,0.4166824881554888,0.32211760246542853,0.41473632588216575,0.5240730175831754,0.9997863073013203,0.7114427860696517
883,0.42932800102373514,0.3350328835634575,0.42194554245070803,0.5546640907440133,0.9997884680896072,0.7207446808510638
884,0.4370240098518295,0.35030976232486966,0.44533988801659313,0.5205993958781852,0.9998007732857201,0.6981852913085005
885,0.4984890961959823,0.3962353752691517,0.47660528774661326,0.6221928992380051,0.9997926776679995,0.7953091684434968
886,0.40162637862624934,0.3124365915128853,0.4022345319996233,0.49862507650196464,0.9997804823423406,0.6780701754385965
887,0.38876903614568054,0.301306911619815,0.399427342004819,0.48738967830469215,0.9998187717853524,0.680672268907563
888,0.42780054999326805,0.337379856546521,0.43007726750374264,0.5098898308068512,0.9997869210437409,0.6906122448979591
889,0.4327631179130648,0.3362381467924085,0.4215618511608292,0.5503720367650151,0.9997901196883582,0.7327652982184353
890,0.43172262969139036,0.3385486074674507,0.4165378567821174,0.5476178388599405,0.9998136975641797,0.709105560032232
891,0.4021884085951784,0.3128229661599564,0.41036089319701863,0.48388446031411186,0.9998005455076807,0.6734154929577465
892,0.43154616644166793,0.3350263267827352,0.4188913417275313,0.5584200382136313,0.9997787319187735,0.7400793650793651
893,0.4866641252721115,0.3861039625260289,0.479983609348115,0.5872488148564038,0.9997850230788926,0.7597461468721668
894,0.47875544643350304,0.3863140175553733,0.47470357923279544,0.5900632824820098,0.9998025027372809,0.7461368653421634
895,0.4724869569035959,0.3807999083761842,0.46041933464946755,0.5614177163997189,0.9998261568270084,0.7309304274937133
896,0.47647456337352684,0.3805440087272107,0.459657375301329,0.5914537258483192,0.9997894758424996,0.7671480144404332
897,0.44824015731848227,0.35386396619614874,0.4457951448410974,0.5491490631526069,0.9997888835078172,0.7342419080068143
898,0.4327076425699298,0.33918134223271446,0.4096282772503182,0.5755534350000588,0.9997690150878114,0.7257799671592775
899,0.4710224551693763,0.37658740877443675,0.45103202233674256,0.5858613119745439,0.9997983645700284,0.7404393816110659
900,0.4151434587339127,0.3207430508468228,0.4224116220057838,0.5120690590322209,0.9997927873066337,0.707227813357731
901,0.42586202134612167,0.3338891354284702,0.4119508756408436,0.5470165966683473,0.999798118016684,0.7017543859649122
902,0.45675103547843626,0.361563990699019,0.46217026339734263,0.5390445552920311,0.9997683035356775,0.7291479820627803
903,0.4587845252130534,0.3676190588104061,0.44441235659469186,0.5661295196792566,0.999813355703381,0.7291462217860648
904,0.42434690743504555,0.3374760291470487,0.41755635176902295,0.5383007892789992,0.9998192060800815,0.6907829534192269
905,0.44418421199242586,0.34922965816305074,0.423101641136507,0.5766622963635919,0.9997919905348018,0.7323383084577114
906,0.47452070515654526,0.3804697523757935,0.4614480103712172,0.585411741531084,0.9997525327683485,0.7592433361994841
907,0.4542408319824261,0.36071545289741713,0.44599766975042776,0.5607618724799912,0.9998028722584811,0.7241948802642444
908,0.4532544809610027,0.35707954651616236,0.44034554874530246,0.5730198767034835,0.9997952129755158,0.7447833065810594
909,0.4457145062137817,0.34969861045160244,0.4522001246311525,0.5553881990265432,0.9997866826298505,0.7530762920426579
910,0.42859303942730614,0.32848571649700486,0.4107501332637421,0.5615015753437403,0.9998095278356893,0.7371621621621621
911,0.40935338023326695,0.3199087776149016,0.39841340354773624,0.526356376210112,0.9998104789801652,0.684
912,0.4806134933119497,0.3900018222067571,0.48413823671503736,0.5746328918930299,0.9998242816852664,0.7564935064935064
913,0.44101106431990184,0.34905824225610604,0.43221855503912904,0.5600348935285672,0.9998015318646245,0.7209090909090909
914,0.4502089299709493,0.35564279016466593,0.4402558420581042,0.5628782718026071,0.9997834328096692,0.7300347222222222
915,0.43716263480404594,0.34425107050703596,0.4095452513023769,0.5633118998174961,0.9997883340160391,0.7019230769230769
916,0.5055169386927671,0.4156019889543561,0.49869604899204534,0.5930039619871217,0.9997954207854036,0.7553488372093023
917,0.42597775582755953,0.3357188293472196,0.40087437030352524,0.5569232259220477,0.9997915000342992,0.7014253563390848
918,0.4421298227512527,0.3513655608606337,0.46063797645600946,0.5229090334876507,0.9997903137954647,0.7361563517915309
919,0.4529957405116831,0.35413492055958934,0.41548386725848446,0.612735644475993,0.9997859755117756,0.7483552631578947
920,0.48373705661297994,0.38928388560100946,0.4700468816513079,0.5897284840813914,0.9997942149691412,0.7586538461538461
921,0.4303532517180543,0.3398842296329396,0.4307967988825768,0.5283180879666068,0.9998000631443659,0.7032967032967034
922,0.48079706149628176,0.38582526062936745,0.4628621278325366,0.5812090408473835,0.9997806920961599,0.7377049180327869
923,0.4051269001996712,0.3134639756789547,0.41296627706032046,0.5174114420970368,0.9998202097424184,0.71334431630972
924,0.4115966012507124,0.3242577836016997,0.4236977435568866,0.4790992954653119,0.9998017216452137,0.6648394675019577
925,0.4834075225840481,0.3852717820285236,0.47356351898379134,0.5865208938105173,0.9997752981974938,0.7702702702702703
926,0.4636042595080041,0.36989298992695896,0.4626666666201259,0.5619499232228065,0.9997912984509577,0.7381422924901185
927,0.44161595299902245,0.3456557160206191,0.43306569302457654,0.5433685953882432,0.9997913096089663,0.7260834014717906
928,0.44001877479460155,0.3483611123345972,0.45592350477792287,0.524157867388615,0.9997843626424416,0.739516129032258
929,0.4333753873600809,0.33905011951956276,0.4080684855707773,0.5630438512245486,0.9998015822194252,0.7126126126126127
930,0.40770639926514485,0.31556574852321245,0.4007058897482326,0.5269326295558936,0.9998113620155159,0.7136363636363636
931,0.4199385545621817,0.32799242078628904,0.42636222370967497,0.5110733219493548,0.9997981862584598,0.6936790923824959
932,0.4430372052562071,0.34635557236307957,0.4289878593891583,0.5685225162260743,0.9998118254554202,0.7341563786008231
933,0.4632654367530948,0.3701536986165366,0.4724595757802725,0.5447795833833209,0.999783661804961,0.7512007684918348
934,0.3995114866159972,0.30907399504282707,0.4058521998287783,0.5006912343258983,0.9998010936127623,0.6849427168576104
935,0.5184705252598962,0.4152327119459108,0.49333110897907045,0.6473400603534839,0.9997695787856588,0.8086876155268022
936,0.505272485495298,0.406889390506618,0.4844517571361427,0.6092499346035785,0.9998104092411512,0.7728437233134073
937,0.4246672182234117,0.3329937219617957,0.43548760527505154,0.5191586245403956,0.9997922702265316,0.7117701575532901
938,0.41839765528972744,0.3295689591212426,0.395006923987325,0.5379146080614486,0.999779035157012,0.6884343036978757
939,0.42078120220672666,0.3281912879821851,0.42730107109227455,0.5182331697075495,0.999805805329468,0.7132936507936508
940,0.4073636588963195,0.3242153825374679,0.4129508969088758,0.49526920125350093,0.9998087359066616,0.6676245210727969
941,0.4447727351072622,0.3485116379770186,0.44769086735086805,0.5417488035931655,0.9997900702470337,0.7428571428571429
942,0.5077613088905383,0.4083803232490836,0.4918040456222004,0.6208043165424431,0.9997813664430778,0.7866666666666666
943,0.4626861239192101,0.3648295602328112,0.4634560190642473,0.5596643077282428,0.9997936338498099,0.7552897884084636
944,0.4236999436022736,0.3297229998650368,0.40744957477872845,0.5463498525028879,0.9997859222755059,0.7060280759702725
945,0.4377597871617466,0.3473641361452816,0.41569894763529697,0.5680177455599035,0.9997567591372298,0.7122302158273381
946,0.4506471493596915,0.3646318058077938,0.44522292013894743,0.5363218938144092,0.9998164818459863,0.6916043225270158
947,0.45842588663454453,0.3636308295207609,0.45341833514919455,0.5548421430742247,0.9997818429173665,0.7297734627831716
948,0.43379024433863983,0.33808916260692873,0.4226471122251637,0.5530211645040779,0.999769934403145,0.7313288069835111
949,0.4367900578105382,0.3452783546990205,0.4239744666982332,0.5601931235071844,0.9997775719749968,0.7163265306122449
950,0.44508541219810677,0.3522389651725234,0.41992320634389274,0.5812988069606105,0.9998000073946757,0.7261044176706827
951,0.4467556715071611,0.3545356459943077,0.44480243797579366,0.5458134130208768,0.9997979279168246,0.7102115915363385
952,0.4735112456524849,0.37447712690502394,0.47451909994171226,0.5626589085754921,0.9997867616136433,0.7597471022128557
953,0.4115111627951373,0.3192267504941204,0.41954881580485714,0.5203516916750286,0.9997778179677748,0.7129367327667611
954,0.4330501891306115,0.34246911645137273,0.40895886812759996,0.5664988206764602,0.9998071465643489,0.7092709270927092
955,0.4514973616967258,0.35992947960848437,0.434610099770425,0.5590546451095927,0.9997903055445531,0.7163187855787476
956,0.4715171060591581,0.3806953719944986,0.4488069742598207,0.5962361605853129,0.9997802969828901,0.7336065573770492
957,0.4057051110144045,0.31581058644345683,0.4008306428267064,0.5287077540938306,0.9997807633526427,0.7078025477707006
958,0.43785408495673406,0.3417736035278197,0.436423734072068,0.5431403602690641,0.9997849825559938,0.7330049261083744
959,0.4635694674898157,0.3669408328427841,0.45075067859450596,0.5798263593184115,0.9997905593947091,0.7465388711395101
960,0.45511868763195845,0.35951367327082034,0.4405871977244448,0.5760658442055097,0.9997802297688665,0.7396928051738076
961,0.4001196965563615,0.30962921508742547,0.3920757010257319,0.5242734691151947,0.9997880721574366,0.696445725264169
962,0.44586015448886795,0.3540944847080207,0.44000181204008226,0.5580696930626091,0.9998115755286137,0.7178111587982833
963,0.41644628054516375,0.32358156293026746,0.40754050313121193,0.5474541149919173,0.9998219523296139,0.7026431718061674
964,0.45293784516647595,0.3621188746061104,0.4730843260382613,0.527540919754703,0.9997978927610295,0.735632183908046
965,0.39574311026066594,0.30983623164141655,0.405241331393536,0.4737085281189611,0.9997880331446973,0.6591789310611929
966,0.4649991163881128,0.37127638603305974,0.45286497234592993,0.5650270913044831,0.999801805913743,0.7212931995540691
967,0.41990083928868976,0.33252736256023363,0.4226221291552125,0.516513760940486,0.9998183020526112,0.7009267059814659
968,0.4418895926226863,0.34898795280427236,0.4511572898167258,0.5332055216012186,0.9997764818938315,0.7269938650306749
969,0.44724423432867083,0.3487077484310185,0.43924300916101283,0.5670057382521894,0.9997857137498861,0.7468230694037146
970,0.47152725431501946,0.37871029279556556,0.47551421007439876,0.5505234899179781,0.9998038312397639,0.7347480106100795
971,0.4599053213640854,0.36560452246988157,0.46927683587846536,0.5560223882222658,0.9997878112380745,0.767965367965368
972,0.436627653483951,0.34647331870861586,0.43906053636875025,0.5307994763149366,0.9998071702772305,0.7027250206440958
973,0.4243662604433858,0.3324300975150543,0.4272690345239815,0.5110703888780938,0.9998083151466921,0.6925087108013938
974,0.4207230439172268,0.3320477736360718,0.41902574410028104,0.5155375723947692,0.9997923590576909,0.6912637828668363
975,0.4327808614243196,0.3415218005556642,0.4207916371805585,0.5519178212593912,0.9997845913698478,0.7203883495145631
976,0.46032666640749986,0.3631693201025118,0.4461312258893546,0.5667788517308245,0.9997769033498581,0.7449664429530202
977,0.49032772788264734,0.3943202883735046,0.48879890976845936,0.5778413290371435,0.9997746792981659,0.7452085682074409
978,0.46543665347221347,0.36890592073982686,0.4535002798671094,0.5793836599102273,0.9997865244834945,0.7468487394957983
979,0.4202631478968311,0.32498321735566127,0.421384507068723,0.5297938848199292,0.9997686760834649,0.7202852614896988
980,0.49066691060257894,0.39921810029021343,0.48271303713525804,0.5833850878989497,0.9997920661115696,0.7495961227786753
981,0.4301934935648807,0.3320774584317725,0.4390696340266848,0.5314972852746689,0.9997679024703694,0.7426160337552743
982,0.4725529042736981,0.37932188128463235,0.4655873442100588,0.5631356395513651,0.9998290846093543,0.7287968441814595
983,0.44977146060160356,0.348911248660961,0.4266351990132472,0.5881776544489324,0.9997857007188318,0.7524509803921569
984,0.4451129442899191,0.35484771865873027,0.43750904598554946,0.5544365401417544,0.9998322639118881,0.7232876712328767
985,0.4567847795002055,0.3610678864958893,0.45177951008189077,0.5720288133620645,0.999793975162629,0.7477110885045778
986,0.3945859201022908,0.3055448949144851,0.3903151721879331,0.5075295077909514,0.9997903008853664,0.6847335140018067
987,0.41914996716149794,0.330145970536648,0.39598500981718415,0.5328179763283699,0.9997818701500896,0.6859035004730369
988,0.4554879099005955,0.3578358201018119,0.43994016475161846,0.5707614434005124,0.9997781696841759,0.7397151898734177
989,0.4394711861280568,0.3452652628666046,0.41089957097907803,0.5727867210595237,0.9997774560037623,0.71939586645469
990,0.4624310495438854,0.374594818230196,0.4517952568897997,0.5542088559892416,0.9998216011859187,0.7040905134899913
991,0.4040845699922048,0.3120291156235982,0.4098508183681175,0.502036613881958,0.9997774830995473,0.6986434108527132
992,0.43326603258719365,0.3370538516740178,0.4319137201458716,0.5400013238798814,0.9997864809624799,0.7325769854132901
993,0.41448911766008345,0.32291813293930655,0.3998059879139439,0.5398658283969188,0.9997955150160882,0.7000871839581517
994,0.4468051270365764,0.35344175969838404,0.45254317258491933,0.5400201317716904,0.9997733104667497,0.7471526195899773
995,0.45357274210842924,0.3573043352072168,0.45885844101952405,0.5402080681867324,0.9997748291174345,0.7237163814180929
996,0.4754884209865481,0.37850916349571456,0.4663216155585653,0.6012069382682694,0.9997997493042237,0.7635893011216566
997,0.4010988933658252,0.3137779358436171,0.42713098032041313,0.46083007367897993,0.9997965107652158,0.6639141205615194
998,0.4534628744070228,0.3615744954955455,0.4409936031977657,0.5541514410238869,0.9997996728295614,0.7127312295973884
999,0.4407609335652333,0.34773962740689274,0.4343085441245332,0.5507717904606124,0.999803696354793,0.72953216374269
1000,0.45679940169181776,0.3594510471217452,0.4446620719116545,0.5699923130478473,0.9997925112049061,0.7337192474674384
1001,0.4216808787931975,0.3310677588902023,0.4222363951564385,0.5331514729548724,0.9997889823343744,0.7045454545454546
1002,0.38684479650658754,0.3013154621811733,0.3933281552807424,0.48150292304421677,0.9998082093956713,0.6747891283973758
1003,0.4347241575882501,0.34537904961076743,0.4330421259914443,0.5215651058747875,0.9998066087768521,0.6853546910755148
1004,0.4393972201546657,0.3473684761555391,0.4328535370180417,0.5533122762036984,0.9997943021014117,0.7216404886561955
1005,0.41709297551152535,0.33106461530206005,0.4238108099020446,0.49468619005024606,0.9998035424215181,0.6713928273561302
1006,0.44925508318858204,0.3554047943395048,0.44266727316834675,0.5519155123491147,0.9997900593598689,0.7362736273627363
1007,0.4961886891326849,0.3925131103728513,0.480017210976033,0.623325630182991,0.9997721701381116,0.7915282392026578
1008,0.4407114464727998,0.34570329171688785,0.4318701834599366,0.5583170661751256,0.9998051950238895,0.7299006323396567
1009,0.3961724903123904,0.3154160335280305,0.3965290782623208,0.4819355305319604,0.9998141543592802,0.6483812949640287
1010,0.43122676354093153,0.33859411204367823,0.41070625211337924,0.5536031464835552,0.9997783980124093,0.7187739463601532
1011,0.4589473053690812,0.3653696840461757,0.4441395382496741,0.5715249254987355,0.9997892607781251,0.7324464153732446
1012,0.48712656170252855,0.3921201784727512,0.48264574698542545,0.5828597932746492,0.999806193961188,0.7792207792207793
1013,0.39831903259459056,0.30463769642865535,0.3869439397590877,0.5280960989194109,0.9997835891787709,0.7023060796645703
1014,0.4653454400628484,0.36565189118081143,0.4485961001819488,0.5849895012941044,0.9997783239456217,0.7624172185430463
1015,0.4345135486736876,0.3434721688332703,0.43950576228080157,0.5297978509072431,0.9997902105121997,0.7163561076604554
1016,0.42980397633967327,0.3358787943740459,0.43200947845846654,0.5293643717171714,0.9998112578138164,0.7119518486672399
1017,0.4798505331270351,0.3787007395880731,0.45176055743192156,0.6299389360632484,0.9998076025689722,0.7810650887573964
1018,0.4565886828687873,0.3621915665039449,0.4529469251977598,0.5703516904090625,0.9998242163111426,0.7508992805755396
1019,0.37907563484561213,0.28912708778713875,0.37646298488433977,0.5098068163654401,0.9997900156651145,0.6796028880866426
1020,0.4569612817846052,0.3630399028274858,0.43483269025983934,0.577229376366421,0.9997944749366149,0.7243532560214094
1021,0.4501926937385079,0.35290645482500027,0.44978551862544164,0.556595691799729,0.9997943348914592,0.7424975798644724
1022,0.4225383900236608,0.33149517844560467,0.40648476822385166,0.5419190506913665,0.9997592359714503,0.7003205128205128
1023,0.4606837331976912,0.3692864386214136,0.44919850296504216,0.5655697043564345,0.9998027526965693,0.7358665430954587
1024,0.4628132773261011,0.3682235600862646,0.46730517034659075,0.5416355783646645,0.999807823391576,0.7423664122137404
1025,0.4745211312688732,0.3789605899831471,0.44544234206223193,0.6054096088370803,0.9997724983396445,0.7502295684113865
1026,0.48594993027571637,0.38709060065377127,0.46439710295799214,0.6146799043352766,0.9997975325732985,0.7764127764127764
1027,0.41188262090109273,0.3228142161097312,0.41504720063751144,0.5026762334328662,0.9998253335757685,0.6932565789473685
1028,0.4659061610879216,0.3721658579910323,0.44977289847538776,0.58098616005544,0.999789076985752,0.7413223140495868
1029,0.4452451956993484,0.35070433029848613,0.4506586494145819,0.5476642335130972,0.9997833587208761,0.7494108405341713
1030,0.45036883910136644,0.3611426133646908,0.4426580063011728,0.5499333746172239,0.9997760742254349,0.7137777777777777
1031,0.45880567292464863,0.35817274239530367,0.44123728681414753,0.5980526567462092,0.9998036011304718,0.7700348432055749
1032,0.44007799534256664,0.348880366625484,0.42485463612458685,0.5612069130500238,0.9997923682521016,0.7175398633257403
1033,0.4211611742541311,0.32948472475424967,0.41195267572831273,0.5338471681838683,0.9997948865076574,0.7116724738675958
1034,0.4201747570799184,0.32991699751945186,0.4198657549812776,0.5267273719161284,0.9997539234689069,0.6940231935771632
1035,0.43282575849895044,0.3375945910723874,0.43180637415581247,0.5329257126412219,0.9997761450914585,0.7343311506080449
1036,0.42787926607445,0.33907940199376607,0.41006856037913336,0.538817743746697,0.999796370064345,0.6910197869101978
1037,0.4163631561572332,0.32547497786991814,0.398975225661288,0.5507462532558064,0.999787524504559,0.70311027332705
1038,0.4351079674735763,0.3464052847500108,0.43068229493099425,0.5443212257818569,0.9998173813812848,0.7011596788581623
1039,0.4228486594568087,0.3327363910633356,0.40111549251077655,0.5425259695836304,0.9998098715323568,0.6819277108433734
1040,0.4425829915053904,0.350097940997516,0.44080565058061677,0.538867123457103,0.9997893328064557,0.7100271002710027
1041,0.4490797743911497,0.3542648218435991,0.44581930738541575,0.5532673272795448,0.9997777651999402,0.7319277108433735
1042,0.42067669888875997,0.3240291548082722,0.4201467361612633,0.5327819323821055,0.9998031904446621,0.7239685658153242
1043,0.4306516065999355,0.33828458683813767,0.42393050913918034,0.5469069943677834,0.9998095155061089,0.7012252591894439
1044,0.40036731228222294,0.3079397247352847,0.394420174889441,0.5325424671328645,0.9997772136683277,0.7135007849293563
1045,0.4353154650729357,0.34565321442365876,0.4188695785689841,0.5723269814038118,0.9997900497245894,0.7199654278305964
1046,0.45136334238404857,0.3601545281078718,0.44458029275736133,0.5618430474162954,0.9997937625462691,0.721584984358707
1047,0.4262825543552249,0.3312633029783655,0.41265246209993733,0.5447855532205436,0.9998087418004906,0.7061900610287707
1048,0.4445000586447101,0.3545676352213435,0.4309705657060957,0.5526816897378681,0.9997983312212023,0.7083716651333947
1049,0.43792100154607927,0.346817366925689,0.43136215905080244,0.5429929292226864,0.9998204174662467,0.7105263157894737
1050,0.41913344481292714,0.3310459509219693,0.42586817188159976,0.5135148587774689,0.9998116015802316,0.6901041666666666
1051,0.4634763181146265,0.36943989807658917,0.453978533139678,0.5722843880186141,0.9997997846319493,0.7394888705688376
1052,0.4453288618388269,0.3537707394631112,0.44270922278440494,0.5490560177554038,0.9997624089662759,0.7234375
1053,0.45078176784554025,0.3608136223403158,0.4385555485436316,0.5569899426396395,0.9998077876268875,0.7134831460674157
1054,0.4329490387106341,0.34051262000930216,0.42640671960600585,0.5531534913500108,0.9997972970253336,0.7293172690763052
1055,0.38921764551213756,0.2994018378444543,0.38149135949577506,0.5135957693993602,0.9997994697776599,0.6796267496111975
1056,0.437691513317654,0.3422375662715533,0.43256050159974097,0.549055746506877,0.9998019438861916,0.7176050044682752
1057,0.42997524350391475,0.3404336240236149,0.420048670707471,0.5337035334644654,0.9997745841849374,0.7088402270884022
1058,0.43150631909652704,0.3378763085892016,0.4364114166171353,0.522206208946604,0.9997983244626516,0.7153996101364523
1059,0.4267499809695891,0.33121611753315366,0.4267127838237302,0.5375061711359274,0.9997924060794445,0.7392449517120281
1060,0.45397532032210863,0.3640972534264645,0.4326397687885284,0.5726209109661521,0.9997707207350149,0.7327188940092166
1061,0.4744577657966826,0.376321786460925,0.46548863715511757,0.5897701851559052,0.9997968630898311,0.769690927218345
1062,0.4496153478983107,0.35761807218553787,0.4427869284006539,0.5531472871099248,0.9997893875887923,0.7165948275862069
1063,0.4656390707382566,0.36841109474427175,0.4559457191383573,0.5781947292408519,0.9998005417539118,0.762596071733561
1064,0.4657286428217803,0.36944003282271665,0.45985186970487835,0.5828751694750891,0.9998070730134127,0.7648283038501561
1065,0.434621783933466,0.3416462464975742,0.43577251971726993,0.5255813025120176,0.9998034022241552,0.706963249516441
1066,0.416140150174318,0.32233139577622094,0.4005075986764337,0.545619235373329,0.999765601028134,0.7074554294975689
1067,0.4536154677812297,0.35866403694437643,0.44389129675095834,0.5619829105823338,0.9998227631248658,0.7355533790401567
1068,0.42679410222538705,0.3306482706856405,0.42421620670799104,0.5372151267401225,0.9997783036454252,0.7352415026833632
1069,0.4409833088214341,0.3443621315900422,0.4317572135782849,0.5676058958103353,0.9997937886632164,0.7411347517730497
1070,0.45379315918827573,0.3521110507798964,0.43001408335198255,0.5896478356589413,0.9997732684828421,0.7547923322683706
1071,0.4802611006150416,0.380833510515761,0.46773579822884614,0.5873088748048316,0.9998153700844591,0.7656090071647902
1072,0.42484060668565454,0.33093293429374127,0.4055609036045273,0.562617131719513,0.9997849939522176,0.7244239631336405
1073,0.4411408101134662,0.35004064095584664,0.44971439400871766,0.5279796708647022,0.9997726215039784,0.719672131147541
1074,0.4367918521219059,0.3453672873413692,0.43132784394829893,0.5363408522764667,0.9998011869066169,0.7087458745874587
1075,0.42393746129799526,0.33856746060435716,0.41637740813309504,0.5239648132356634,0.999797130240321,0.6895127993393889
1076,0.44429197980780577,0.34804968324851254,0.4336222600372226,0.5683266849550249,0.9997991013512141,0.7323452484742807
1077,0.447522262354858,0.3549468693799271,0.4290261127030086,0.5590889761247985,0.9997928873010232,0.7242497972424979
1078,0.4152200434685633,0.3231842596045729,0.4114161330352972,0.5236672659676869,0.9997714962083237,0.7045296167247387
1079,0.4821777767208664,0.38843515216111707,0.4619367689764796,0.5876022476178179,0.9998252764201978,0.7397521448999047
1080,0.4437746336756729,0.34582786632361806,0.42015488294377584,0.5896894779491202,0.999810648489341,0.7415458937198067
1081,0.4156147464211801,0.3253435638300473,0.41207736695058245,0.5149425311486506,0.9997687316787679,0.6934594168636722
1082,0.5040094420844707,0.41117433881814686,0.48805518415169064,0.6162769704975554,0.9998009468399249,0.7611788617886179
1083,0.41011945955069984,0.3188959835433569,0.3958775473367926,0.5387649791787975,0.9997982614787422,0.7016918967052538
1084,0.4222403759920614,0.3314193901305752,0.4222939149376647,0.5441801515204316,0.9998107089951132,0.72803738317757
1085,0.45135667569032545,0.35688027470540556,0.4552187896747144,0.5381790394363485,0.9997720952144564,0.7280334728033473
1086,0.45013856522886486,0.3565768675667314,0.4368076292813588,0.56910201988667,0.9997864288700317,0.7241681260945709
1087,0.41700397026497016,0.3238271766309042,0.40669662328747713,0.5367643724392089,0.9997770237620349,0.7038556193601313
1088,0.4483547142957058,0.353522245833091,0.44900358912640165,0.540718837546176,0.9997779132752548,0.7333860759493671
1089,0.4230725917955321,0.33301415857917144,0.42716335158346014,0.5120715576931415,0.9997853087326017,0.7016806722689075
1090,0.4929732151538584,0.39893366589786794,0.49146841826423215,0.5871329979502792,0.9997840485273357,0.7569060773480663
1091,0.4657712338059879,0.3759746904458239,0.45803693955680674,0.5595849322545793,0.9997877402583706,0.707647628267183
1092,0.421789449765213,0.33005652033812505,0.41738806717201954,0.5224583422090401,0.9997961006395775,0.7028265851795263
1093,0.41752277982676633,0.3314153469945123,0.4144025727188903,0.5061342530596326,0.999801420581735,0.6716417910447762
1094,0.43402807301057356,0.3445846618951885,0.43279605814452243,0.5400813721046316,0.9998026371280996,0.7212475633528265
1095,0.4089234415140242,0.32279337055616536,0.4157256029591814,0.49359029660621384,0.999817166333731,0.6779513888888888
1096,0.4296578521241245,0.33678304990316166,0.40745860525398664,0.555227454876871,0.9997770417447716,0.709106239460371
1097,0.46325273807704526,0.36999569066100524,0.47144513440981656,0.545232968442872,0.9998013014844104,0.727906976744186
1098,0.4272309848236035,0.33343776231319544,0.42780827117839143,0.5383973446014843,0.9997548618632421,0.7235701906412478
1099,0.4611171354680979,0.36968283508661204,0.43868826924731474,0.5753982462258191,0.9998080754872718,0.725854383358098
1100,0.48254701804000555,0.3885873880065382,0.4643105139213841,0.5977393864054472,0.9998002972745771,0.7618069815195072
1101,0.4492553664485026,0.35927368053714437,0.44469039243188885,0.5547350689538022,0.9998053169928552,0.7272727272727273
1102,0.4717447445705229,0.3748279897565127,0.45473332633253494,0.5872022751830028,0.9997824841077683,0.7642740619902121
1103,0.417661327847214,0.32610274809065476,0.4351036879348311,0.48055838416033037,0.9997924044080997,0.6832298136645962
1104,0.46179879224747394,0.3683932385397726,0.4626337114692008,0.5569653936616552,0.9998028947585734,0.7389671361502348
1105,0.43941754710127523,0.3472936009365186,0.44590889177107385,0.5238867164153891,0.9997964818309082,0.6995475113122172
1106,0.45734327488480436,0.36964677539413465,0.46627311854840986,0.5236904055950483,0.999826460962786,0.7027027027027027
1107,0.47055182124094913,0.37545065716826986,0.4630949227073435,0.5637645100448478,0.9997932085809721,0.7349914236706689
1108,0.4174667558152062,0.3232998297706639,0.4061962710764703,0.5571604037190258,0.9997995080137091,0.7261208576998051
1109,0.4889643854962329,0.3882904947136599,0.48308134051364054,0.6065758438427548,0.9997841813825358,0.7892491467576792
1110,0.46666250476182913,0.3735612089207355,0.45517742045905196,0.5709087699337125,0.9998171084277698,0.7318531169940222
1111,0.425413782029241,0.3347796396513277,0.40918779226981816,0.5418008792494801,0.9997617158510927,0.7013388259526262
1112,0.4335265348778394,0.33837914876173164,0.42474808242724327,0.5636262744721663,0.9997664591803709,0.7393767705382436
1113,0.48543740097766963,0.3881795076970449,0.4741093469393365,0.5949757222833579,0.9997959480353404,0.7735470941883767
1114,0.4348377736667855,0.34143111154457906,0.4437784126614775,0.526378278168818,0.9997908206652959,0.7247619047619047
1115,0.4135417228491227,0.3204278532975289,0.4026151262377908,0.5389375360530674,0.9998078661077104,0.7070217917675545
1116,0.4245812417815998,0.33163289066411616,0.4233564151755263,0.5234089837016285,0.9997843193764341,0.7031729785056294
1117,0.4404557473036173,0.3454574165538508,0.4473729635457943,0.5370531807972285,0.9998005501763596,0.720168954593453
1118,0.41686895716443034,0.3274729918542993,0.4227026370127272,0.5172621312081531,0.999781544255209,0.6910499139414802
1119,0.45663425168664684,0.36121285955344223,0.45188396620522725,0.5564729983775527,0.9998106902837252,0.7240740740740741
1120,0.4363628005949615,0.33881397002069075,0.42887802863941843,0.5461394267665844,0.9997948233799393,0.7247191011235955
1121,0.40768893018825375,0.3160665537599513,0.41519170416827145,0.5083997731557202,0.9997680496233199,0.6904047976011994
1122,0.4383109846577452,0.3462268654457589,0.4299782924498043,0.5441798111483648,0.999804039267682,0.7240325865580448
1123,0.4351906369114328,0.33660499448604264,0.42226309159174447,0.5572910034242232,0.9997835400520967,0.7257575757575757
1124,0.4387112857896191,0.33785492151992036,0.4183449351423163,0.5878027110045358,0.9997762691913819,0.75787728026534
1125,0.4570173165910801,0.36197638569448864,0.4463099127878071,0.5704536084476794,0.9998018215671852,0.7424118129614438
1126,0.4375491033836631,0.3439645145826715,0.43336393772014814,0.5310335797054855,0.9997900504373342,0.705207413945278
1127,0.41753550707258896,0.32303361607236136,0.41622149259050817,0.5281786260276613,0.999789549152386,0.7148407148407149
1128,0.4881717721463875,0.3876420563293528,0.47547302677929826,0.6005713068194563,0.9998066480164323,0.7727771679473107
1129,0.4429928351329817,0.343408174974753,0.4304176770991737,0.5656615490831561,0.999754055501981,0.7547547547547547
1130,0.4428132406979373,0.34896546773676096,0.43885592433803206,0.5483369903807646,0.9997451760156908,0.7356435643564356
1131,0.42726787723896387,0.3368800428083008,0.4210669492407275,0.5276624062217357,0.9998042373115662,0.7002606429192006
1132,0.43972142208056586,0.34386216959268606,0.42061868478955095,0.5707104136829158,0.9997954390944107,0.7306525037936267
1133,0.3984285211274724,0.3156119281559203,0.41318376558436204,0.486884415386397,0.9998099027779449,0.6538049303322615
1134,0.44127709258879716,0.3442651422563214,0.43715618357781066,0.552995710487222,0.9998013732034892,0.736283185840708
1135,0.44875904197856353,0.3532256325638723,0.4382194922138246,0.5503716668660623,0.9998126996061067,0.7292576419213974
1136,0.4384174148975107,0.34555263499786937,0.4313415883347282,0.54477439218357,0.9997973632977547,0.7216396568160153
1137,0.44315098737323677,0.3522945466051849,0.4202807703552582,0.5696824328085004,0.9997881777637622,0.7149240393208222
1138,0.4593842912254266,0.3692475150078879,0.4636549997770975,0.5412619311183694,0.9998034371223923,0.7342799188640974
1139,0.449941244087732,0.3514974275626699,0.43631277005891383,0.5697270787029446,0.9997928703196104,0.7492904446546831
1140,0.4411350285193424,0.3452694390989192,0.43312317181814536,0.5683017575587411,0.9998011326050246,0.7485281749369218
1141,0.47118354910529026,0.37645983390260324,0.47464755778950196,0.5775679417901379,0.9997938434621371,0.7650727650727651
1142,0.42867214035390694,0.3357220248674986,0.4332917915304055,0.5268234168731588,0.9997948545353653,0.7192028985507246
1143,0.4138283549899898,0.3210870518308841,0.40471860368509516,0.543022194638004,0.9998053048805995,0.7118380062305296
1144,0.5017285012059269,0.40370875093118186,0.4856843821608706,0.6191861509840031,0.999794361485886,0.7879396984924623
1145,0.5001843254913305,0.4028702168924198,0.487865586992567,0.6072752073863108,0.9997731044092181,0.7724665391969407
1146,0.4549094906500332,0.35598765940153004,0.43772617668811337,0.5876411463500155,0.9997848975013323,0.7438540840602696
1147,0.4069058852076928,0.31531523431996006,0.4101734501059127,0.5126371174129992,0.9998180857251808,0.7096466093600764
1148,0.4544539818948097,0.3640947176036512,0.44954208731506595,0.5454725302427852,0.9997750555595545,0.7082066869300911
1149,0.39147070941427703,0.3073969230421622,0.3989465989298479,0.476121297475393,0.9997947512920975,0.6754047802621435
1150,0.43142592707053823,0.33977247667137067,0.41882535043213875,0.5420027512777346,0.9997807104177817,0.6988155668358714
1151,0.46711907087599935,0.3704735084991453,0.4490763175344284,0.5905776014749718,0.9998067067613012,0.7430497051390059
1152,0.41997686753173363,0.32564210705163593,0.41852431162664866,0.5184550934054546,0.9997888468339846,0.7174311926605504
1153,0.47132385442473607,0.3858713179769,0.4532291104274717,0.577233248480941,0.9997745810046119,0.7236598890942699
1154,0.45261536235037664,0.35654663465591047,0.4495559928572766,0.5567378767949158,0.9997809451104654,0.744322960470984
1155,0.4413825421716713,0.34666430837693113,0.42980216007570826,0.559621305552177,0.9998018815507124,0.7215273206056616
1156,0.4278352155268079,0.3379703596404123,0.43311335060599926,0.5089779140188856,0.9997994180599499,0.6869158878504673
1157,0.40106855713925504,0.3155421234133129,0.4052163837978634,0.4877771077588655,0.9997830061989552,0.6638370118845501
1158,0.3997948797498192,0.31153759200482123,0.38841781258624686,0.5295457418364395,0.9997861386413945,0.6787762906309751
1159,0.4183298102777458,0.32568982018634696,0.4180989639423708,0.5455949298960249,0.9998108668610204,0.7147208121827411
1160,0.4753721480039001,0.3789525670523824,0.4637236601162004,0.6002385252680935,0.9998092431719613,0.7710604558969276
1161,0.45376110026395555,0.36172476338315807,0.441421154624335,0.5615225997322241,0.999802198361925,0.7225853304284677
1162,0.4486574080661603,0.35254117914692384,0.4252681219463736,0.5834028513559287,0.9997912606358534,0.7335092348284961
1163,0.4305115730744706,0.33867037354906854,0.4476945612195723,0.5099015812529011,0.9998148375309142,0.7202970297029703
1164,0.47932774140159745,0.3806976155308331,0.48180199489304343,0.5737664264538658,0.9997892190713127,0.7666325486182191
1165,0.48847695415841963,0.39554176855823847,0.484515375858126,0.569488611031145,0.9997958778230306,0.7488938053097345
1166,0.4085691690932241,0.3165612028528828,0.4032443673490089,0.5207799267357031,0.9997759888643201,0.6974358974358974
1167,0.4193406150251383,0.32477206090807176,0.41810740332035917,0.5201505298192285,0.999773992594515,0.7173144876325088
1168,0.4611275875488254,0.36523281589194306,0.4500361911625427,0.567073230808896,0.9998007674264446,0.7343976777939042
1169,0.38106541065250077,0.2942049893319183,0.38729821212767346,0.4748585939769461,0.9997975858836381,0.6603462489694971
1170,0.41870637256880544,0.3268092685511899,0.4029509189019834,0.5527988754432899,0.9997664669929287,0.7110552763819096
1171,0.435116869038818,0.34378299609672097,0.4319464432244103,0.544380460047514,0.9997738660626824,0.7349703640982218
1172,0.4271548775247715,0.3369325731930304,0.4264001910386958,0.5387449746203017,0.9997724870577963,0.7050420168067227
1173,0.4638877634800446,0.37046581078532803,0.4540942259814809,0.5612970188569325,0.9998007364368726,0.7210682492581603
1174,0.49828163685605864,0.40121695295703225,0.48269448168075024,0.6123004036156241,0.9997700172345567,0.7705943691345151
1175,0.4959318403082271,0.39880481786028793,0.5051819446419237,0.5881504662359062,0.9997872215882088,0.7740058195926285
1176,0.4355270171156517,0.34669775162363065,0.4175356816714219,0.5425817319069153,0.9998209294223991,0.6919682259488085
1177,0.4342461131885534,0.34059273416051167,0.423488655034326,0.5455335585659628,0.9998049764345984,0.7158043940467753
1178,0.4193745459456597,0.32470056794581975,0.42273225185836466,0.5221118310252272,0.9997784525729142,0.7246496290189612
1179,0.4605958006428036,0.36509999824005707,0.4487649150103638,0.5798293962572422,0.9998005423074188,0.7514693534844669
1180,0.4298105694148585,0.332930442191376,0.42483950257078035,0.5492842790656591,0.9997713176871696,0.7270341207349081
1181,0.44047818213950546,0.3474568370061591,0.4288678542909605,0.5453058588145938,0.9997841271829918,0.7040065412919051
1182,0.4542371377604434,0.356152146615024,0.42981037149417245,0.5951361130030304,0.9997772195657475,0.7549668874172185
1183,0.43411728838926833,0.3361174831826318,0.41810489176819504,0.5605516186329879,0.9997699935283999,0.7384615384615385
1184,0.42546452306032356,0.3344375345359735,0.4180946572040589,0.5327862000143752,0.9997796571786471,0.7072981366459627
1185,0.4467176464619664,0.35446694312001076,0.44670779625551105,0.5394291809931101,0.999788148419137,0.7215189873417721
1186,0.4553193255194671,0.3627301728752877,0.44123490508356544,0.5595654939162266,0.9998099842361287,0.7204301075268817
1187,0.44089262465859974,0.3433888566635839,0.41887865728203905,0.5772819680543557,0.9997666249208823,0.7392426850258176
1188,0.4664391909331674,0.3783678380521208,0.4536836186290359,0.5768404253630567,0.9997797328155923,0.7287145242070117
1189,0.4320080586877073,0.34056155700843155,0.4259171712500015,0.5329757710774545,0.9997571430366179,0.7016423357664233
1190,0.408466300991528,0.3181463453796454,0.3993043007818077,0.5248559416840705,0.9997745244736148,0.6989164086687306
1191,0.3929360984702947,0.30725509663787137,0.38240925623920163,0.5141034608617413,0.99977895036183,0.6710402999062793
1192,0.46644770659201307,0.3704035322229506,0.44020818044679916,0.5983380820308998,0.9997945701367609,0.747244094488189
1193,0.4744601991499789,0.37691227185838644,0.46899217880368926,0.5844209442776916,0.9997732315494913,0.7598214285714285
1194,0.3889947510439015,0.30115055727512285,0.37395832990314204,0.5130851509503641,0.999797060460684,0.6681254558716265
1195,0.48028453109828706,0.3793801828111213,0.4788085053806841,0.5856172898923204,0.9997970895994406,0.7757085020242915
1196,0.42060148828597166,0.3262933316169256,0.405828316320517,0.542811222471024,0.9997867186359422,0.7064421669106882
1197,0.4254748294627631,0.3320400038775451,0.4242365878080852,0.5355814479967704,0.9997887510118572,0.7161667885881492
1198,0.40883376470933486,0.31683087871305127,0.39543951854346465,0.5283379173976687,0.9997875667879917,0.6905606813342796
1199,0.4213831466133813,0.33512573977102056,0.4126705330303465,0.5177812516147786,0.9998123113862447,0.6820717131474103
1200,0.45062458446300774,0.35874026737632897,0.4363851269870274,0.5706202848376342,0.9997930081484301,0.72959604286892
1201,0.4560230536023381,0.36655491431440446,0.4485055139389696,0.5520957412980225,0.9998030002425397,0.7105788423153693
1202,0.43910596757338466,0.35256096040043267,0.42353459668712695,0.5343404925956311,0.9997947412932092,0.6769087523277467
1203,0.4585142653641621,0.36657273575740656,0.4437540397561115,0.5599944228897951,0.9998031006647916,0.7298456260720412
1204,0.44379950026709103,0.3485751321435121,0.434037012678325,0.5651290065681728,0.9998158345932335,0.7369294605809129
1205,0.4466807207828084,0.34936108771752017,0.4496632026068993,0.5518048215924349,0.9997965370659169,0.7408585055643879
1206,0.4080097285074417,0.3179647201347067,0.4031285757578767,0.5161066968556581,0.9997922473812745,0.6948207171314741
1207,0.4053559864204332,0.3178383033424234,0.40751113082426665,0.49143008737693983,0.9998041943267528,0.6647058823529411
1208,0.445175095246596,0.353355167508188,0.44162336732057744,0.5556378717751498,0.9997925660450012,0.7335490830636462
1209,0.43465488700538446,0.3422058447763391,0.419605971154498,0.5471468979491865,0.9997895889427009,0.7011278195488722
1210,0.4419337580533199,0.3486555996587704,0.43015446488942105,0.5516571057311748,0.9997925798353637,0.7173030056864338
1211,0.4640475888306801,0.3727278759449583,0.4619545608622002,0.5636673008997667,0.9997494864440089,0.7381874515879163
1212,0.4523983662507557,0.3558978865554112,0.4271247833087264,0.5811135558624319,0.9997662455041657,0.7334397446129289
1213,0.3949022222305985,0.3099689944417573,0.3963527665457897,0.5001053519188191,0.9997864915661985,0.68
1214,0.44950619476443016,0.35593966729500404,0.4444499128053865,0.5584152525087679,0.9998035604456122,0.7267188859878155
1215,0.444650505389908,0.3411505480099391,0.4345986444664313,0.5903253402850142,0.9997644244867324,0.7790197764402408
1216,0.4486132518432341,0.35307806544258574,0.42808054089016045,0.5739210513832108,0.9997967486260394,0.7378542510121457
1217,0.42325312845081575,0.3300998442695867,0.4160007110882561,0.5359036963060168,0.9997946162097912,0.714168039538715
1218,0.4477521653104439,0.3534284335843735,0.44621645172836083,0.5418813919095935,0.9997672419978513,0.7296819787985865
1219,0.4179917007046326,0.3293448908840897,0.4124360154140936,0.5133977665812063,0.9998235765527262,0.6796714579055442
1220,0.40978380089148275,0.3218164732015056,0.39733322803452176,0.5262979251828046,0.9997746213222651,0.6839546191247974
1221,0.42925164383586056,0.3349073685474417,0.4312996544847624,0.5202032825525037,0.9997740823049333,0.7211469534050179
1222,0.44368482252283,0.347323854132948,0.44408491476561135,0.5589594187071921,0.9998011692410931,0.7441048034934498
1223,0.49209570409969144,0.3993555660347436,0.47407637488623483,0.6096731192836767,0.999804096380979,0.7580246913580246
1224,0.42809823662532165,0.33381145272273754,0.41865797696682955,0.5439219067124074,0.9998049164789276,0.7255216693418941
1225,0.4774689101877286,0.3790968506684304,0.4618154387437981,0.5992358404215339,0.9997800177833737,0.7777777777777778
1226,0.4251025791167991,0.3337973178417607,0.4185470123029877,0.5395029726716262,0.9997959127210653,0.7096774193548387
1227,0.4429241436836084,0.34919640632594096,0.4397196473497136,0.5490309979068398,0.9997763126702985,0.7339622641509433
1228,0.3850627802033961,0.2945551180701047,0.3810673210544672,0.4895505175191635,0.9997885281394246,0.679959100204499
1229,0.466839838661062,0.37652950035160565,0.44468152758900603,0.5753740353933748,0.9997965066727157,0.7238938053097345
1230,0.43585628946464317,0.3419790682344,0.43400012417465195,0.5469190678420218,0.9998005841448704,0.7322768974145121
1231,0.4311209461939142,0.34229180484101407,0.42624368671939555,0.5262944165092918,0.9998099594201103,0.7080799304952216
1232,0.37867929419913277,0.29065030761991956,0.38406902130251075,0.45842508464931353,0.9997909013979465,0.6489738145789101
1233,0.44161259290355015,0.3527485093074666,0.4311381563626292,0.5578438170573521,0.9997890833080938,0.7162379421221865
1234,0.4795002717307787,0.38269153871344747,0.4788610095902112,0.5739489538425359,0.999802350712192,0.7571976967370442
1235,0.4289038788749008,0.33004174422885435,0.4078495924469474,0.5704995698025087,0.999791270014362,0.7441002949852508
1236,0.46570994179506875,0.3672000214088401,0.4392738279180539,0.5975688800741977,0.9997950562483641,0.7476231633535004
1237,0.47950990440486696,0.37918301206690913,0.4708014712720367,0.5976255237196978,0.9998074768355063,0.7762938230383973
1238,0.39627518200689565,0.3069061718602695,0.39822065773886767,0.49599373974543454,0.9998174016674859,0.67786391042205
1239,0.3967517203229526,0.3090418012005283,0.38415914364627307,0.5084291221494753,0.9998041909506106,0.6733393994540491
1240,0.44496945517583936,0.3452984918393711,0.421095791945924,0.5883337225418938,0.9997653276047282,0.7577937649880095
1241,0.45289779266576685,0.34916676143775943,0.42607029420120085,0.6061888277329005,0.9998125312448453,0.7691652470187393
1242,0.4180243225796329,0.3227737781931625,0.4207260092781305,0.5293615620805979,0.9997732439345285,0.7330135891286971
1243,0.44602585474027845,0.3545480618638508,0.4344859569187442,0.549158923666358,0.9998100012781512,0.723563696919234
1244,0.4491707720182543,0.3544420443860584,0.4414086357689784,0.5633610157778489,0.9998149344883587,0.7294007490636704
1245,0.3960793122431006,0.3021544579229389,0.3843599361657988,0.541025712349323,0.9997746698754741,0.7070619006102877
1246,0.4692471269758067,0.36724255496336217,0.45183475371591936,0.5964450629346011,0.9997981423276681,0.765686274509804
1247,0.44158969278185894,0.3506338746762121,0.4337639917745202,0.5408433042998854,0.9997917554640932,0.7137330754352031
1248,0.4561979007826076,0.36248402278411357,0.4676560386108567,0.5284887107636287,0.9997845608407026,0.7169117647058824
1249,0.43120787639067387,0.33627197051544205,0.43483510804473086,0.5504909950431304,0.9997723718588549,0.7397119341563786
1250,0.47468913512641786,0.3757863137431794,0.46955441626604755,0.5765552078072906,0.9997789743892231,0.7672485453034081
1251,0.44219435701958204,0.3566656734427884,0.4485195642993256,0.5267799622631443,0.9998053453710407,0.7006145741878841
1252,0.40228114413435173,0.31308775263650274,0.393738632109718,0.5135921967776496,0.9997803839065236,0.6797088262056415
1253,0.4468392066680765,0.3559610320772412,0.4448416933897013,0.542288591344391,0.9997944619672932,0.718503937007874
1254,0.4680145815544616,0.37591506031631033,0.4658277078570916,0.5546776287335838,0.9998077954564896,0.7277580071174378
1255,0.4340878258751055,0.33776724586623963,0.4238055719029967,0.5599242715995887,0.9998062109221572,0.7346774193548387
1256,0.4535891652780545,0.3620867252082262,0.47213209976500514,0.5259325961557333,0.999797988064441,0.7325581395348837
1257,0.39893527504004234,0.30469104600123414,0.38587584640966444,0.5305901247074549,0.9998017842248413,0.6907630522088354
1258,0.4616287842039934,0.368224765345792,0.4722606438588802,0.5604234003680443,0.999788361702868,0.7525967894239849
1259,0.4260062173083645,0.3364121276851694,0.4183087559745591,0.5302856763947092,0.9998118343711234,0.6908366533864542
1260,0.44877564755562555,0.3574326404914408,0.4530061025762519,0.5309827629585333,0.9998127844385677,0.7096234309623431
1261,0.45474221379680113,0.3602728515445324,0.4497081934989668,0.560720791076251,0.99977444909809,0.7390924956369983
1262,0.4219145392563508,0.3268683939433954,0.4121201460186157,0.5447825427414105,0.9997995269083632,0.7306273062730627
1263,0.4188516184171848,0.33014622071132027,0.41806711438512606,0.5205211928752562,0.999797805668646,0.7013574660633484
1264,0.48671645272145203,0.39607256102037036,0.4852796161500959,0.581325277762616,0.9998059428695577,0.7422907488986784
1265,0.4086242496678592,0.32087316289881285,0.4139854233537275,0.5015431587477865,0.9998249928397543,0.6787778695293146
1266,0.44211037433510314,0.34682282324740754,0.43636624153775805,0.5510103908068763,0.999802721258241,0.7313707451701932
1267,0.4497297260056932,0.35959739836590726,0.4465671417615249,0.5501662924348777,0.9997866568821757,0.7203107658157603
1268,0.4612547433801273,0.36892162436792125,0.44089786156568894,0.5761126874772076,0.9998045414703997,0.7207285342584562
1269,0.43761059103705285,0.34023982553389415,0.42303460904473666,0.5560727171408614,0.9997767873217206,0.7280898876404495
1270,0.4211470508024527,0.3355774979758723,0.42461140533807384,0.5180185488533402,0.9998312798974065,0.675577156743621
1271,0.4912211998833739,0.3919863263361115,0.47023992719258356,0.6079221250983684,0.9997979929978991,0.7689463955637708
1272,0.43556615778527863,0.34277291464750886,0.4265177058735252,0.5514759412743878,0.9998115887265544,0.7143987341772152
1273,0.4472908289313372,0.34866371495206966,0.43891521180780224,0.5687369665227231,0.9997883893970981,0.7502295684113865
1274,0.4323215110265908,0.338423348455851,0.43244615776437856,0.5389908156677435,0.9997815188030956,0.7232758620689655
1275,0.43140443460701483,0.34506769488543604,0.42548786922569737,0.5220952981770196,0.9998141920051051,0.6854838709677419
1276,0.457677903533167,0.3611476823539261,0.4396364196731615,0.5776225104124315,0.9997970721999918,0.7298624754420432
1277,0.46243500054752606,0.36288704937786226,0.4455658068685664,0.5950643153979958,0.9997844280530654,0.768976897689769
1278,0.4204145424406211,0.331544853738453,0.4085207105729565,0.5358802851703145,0.9997836872058918,0.6876122082585279
1279,0.45156100284163847,0.35945188081627716,0.44903435958851956,0.5419658676860409,0.9997892395415776,0.7221633085896076
1280,0.4620472080511843,0.37069795382424886,0.44956018371891476,0.5675934399829913,0.9997890000322861,0.7340604026845637
1281,0.4255158196470831,0.335594523864263,0.4417157748540771,0.5139723081662644,0.9997705273657514,0.7342342342342343
1282,0.45485243959197774,0.36413309539880373,0.44872693630226906,0.5510811402918745,0.9998088863182436,0.7141608391608392
1283,0.3736866700912877,0.2848273197229037,0.3884263906630462,0.45911255340248003,0.9998061757503444,0.6685446009389672
1284,0.4447133812634833,0.3503716250134804,0.43354740433598016,0.5636978614306862,0.999799533425852,0.7320724980299448
1285,0.4831046777566388,0.3936512993746397,0.46762738941951176,0.5782568629184148,0.9997952663953172,0.7251732101616628
1286,0.45950117063592794,0.36695571044908665,0.44761393987281767,0.5620646219987097,0.9998083304226751,0.7299270072992701
1287,0.4707783198521967,0.37500168838098097,0.4548609990519894,0.5912839475513452,0.9997770643407661,0.7593073593073593
1288,0.4758028267361022,0.3828632914199519,0.46752545854298355,0.5685296298534456,0.9997932958196902,0.7343358395989975
1289,0.4193407423196725,0.33142408161392845,0.43240031543153684,0.4939972677361203,0.9998240475537467,0.6989247311827957
1290,0.4218957968048477,0.33453750272796046,0.41910625510056887,0.5242186557625126,0.9997980969161931,0.7031382527565734
1291,0.4298202617905401,0.33559594175710644,0.42590041642175325,0.5256257274705333,0.9997900011868567,0.6995581737849779
1292,0.505323126857508,0.408929413353621,0.48467999109833204,0.6140941485853919,0.9997683669444299,0.7702169625246549
1293,0.48382903006124006,0.3889268358678201,0.48549560804965575,0.5668118041143774,0.9997980946023148,0.7486388384754991
1294,0.4839601456285297,0.38953785012499387,0.4926345978254265,0.5670795063925866,0.9998196947099967,0.7598870056497176
1295,0.45303707544129973,0.36305628622606767,0.44973676330543,0.5518911138489219,0.9997785737481873,0.7160975609756097
1296,0.4325670371910779,0.3384045457784176,0.422880472005357,0.553636850600101,0.9997655715161395,0.7373202119606359
1297,0.4715820139635189,0.3729668523417874,0.4512473842257375,0.602373403097069,0.9997878751033428,0.7794466403162056
1298,0.3855947875921407,0.29798881742340366,0.3805329838720114,0.488355828584717,0.9997781492616803,0.6601671309192201
1299,0.4400898171938499,0.3505827848070878,0.4313608683440824,0.5372530842678965,0.9997954227051208,0.6953872932985204
1300,0.42182001665804947,0.32655950049480426,0.42987017700351715,0.520930770055563,0.9997838004590672,0.7311475409836066
1301,0.43371225650747053,0.3397724251174201,0.4186339548783526,0.554096629484565,0.9998028319705564,0.7322768974145121
1302,0.4412650811445782,0.34473007346914164,0.4233518912837216,0.5696370161627523,0.9997920896350717,0.7424892703862661
1303,0.42723200645410614,0.33376462047039707,0.41786603831721236,0.5317893377004804,0.9998273745422789,0.7087378640776699
1304,0.4202558962572297,0.3277833725709657,0.40971761335491486,0.5320005641351754,0.9997789820176656,0.7128404669260701
1305,0.469017113269475,0.3725630789244668,0.45442445764778344,0.5818793133044178,0.9997879416297056,0.7459715639810427
1306,0.4493042467835482,0.35177771259805046,0.432807389085546,0.5732576787986365,0.9997788973858274,0.7358490566037735
1307,0.4416441659341839,0.350279918088311,0.44228777398250013,0.5404277730682164,0.9997673756021079,0.7213270142180095
1308,0.41392611620110636,0.3292388014424648,0.4124889261484526,0.5128669316200343,0.999813703632151,0.6852003270645952
1309,0.44002774946757556,0.3524939104645402,0.427364993406611,0.5364238339804084,0.9997932878091612,0.6932084309133489
1310,0.3987390805289638,0.3118854279222832,0.4144340047865837,0.47297021322613014,0.9997642547711667,0.6638005159071367
1311,0.45045244763588477,0.36066241072914085,0.4443617346354389,0.5578416626476114,0.9997901056880006,0.7153209109730849
1312,0.4494721260423504,0.3530180053008165,0.4477371691912809,0.5493006308896198,0.9997981886787974,0.7363013698630136
1313,0.39486466687352756,0.30271205929764156,0.39729749892112115,0.4991479101009161,0.9997783801311232,0.696443341604632
1314,0.4310209226054878,0.33647106904232044,0.4318182408915726,0.5325377731782679,0.9997953705662874,0.7058823529411765
1315,0.42258175243139856,0.3287174278270434,0.40470890767694623,0.5518085756759336,0.9997675322286129,0.7142857142857143
1316,0.4302054790151869,0.33666515671960395,0.4458356790924022,0.5146259475808347,0.999787812799006,0.7210944395410415
1317,0.4320953694708194,0.34393363332859134,0.445213462175231,0.5123777067985023,0.9998041942850177,0.7016129032258065
1318,0.45479343461932903,0.35973079679510706,0.4470692818951275,0.5652021383362336,0.9997853212051852,0.7540620384047267
1319,0.46536933780528345,0.36962158605086454,0.46504528188730326,0.5640447661381595,0.9997996284183127,0.7590260285474392
1320,0.47831876312722016,0.3804931235349157,0.4612231913987283,0.601668235163946,0.9997994668069028,0.7638766519823789
1321,0.41904831085259764,0.32617003405100353,0.4155270201122231,0.529280730143525,0.9997989052005276,0.6995114006514658
1322,0.45392417131320417,0.3591448316000713,0.43650144600812246,0.5659654341578606,0.9997905175356704,0.7307392996108949
1323,0.41404769253031065,0.31814521468991697,0.401681520699609,0.5412503194289242,0.9997793558745198,0.717439293598234
1324,0.4668293343693408,0.3695739564930376,0.45623441184282376,0.5725969896119966,0.9997779031546916,0.7446043165467626
1325,0.45104085989118653,0.3572487172657591,0.4346001145275079,0.5579034582175617,0.9997985068906314,0.7207903780068728
1326,0.41972178388344356,0.3286150516048116,0.41853503895624605,0.5231762578798571,0.9997727048269243,0.6976303317535545
1327,0.46709726082783054,0.37331956729094296,0.45158962955822685,0.5767082104822283,0.9997851395840536,0.7446592065106816
1328,0.4209592312253204,0.32830596958850017,0.4146900276204285,0.5420640924710342,0.9997993500365706,0.71781033153431
1329,0.4132377456158698,0.3166353775313117,0.40036736991506816,0.5554993445649871,0.9998030597930845,0.7284172661870504
1330,0.39543306249739235,0.30769733741739785,0.405723396000839,0.4799899133691855,0.9997790105412007,0.6567164179104478
1331,0.47020818898684646,0.3829077536994228,0.46238325853440715,0.5639957934276969,0.9998188232439297,0.7217553688141923
1332,0.4958628327063413,0.3951488390956299,0.47901143534424384,0.6009109581476328,0.99978128254471,0.778063410454156
1333,0.48771855475586107,0.39056550454359784,0.47665500729144933,0.6014662986972945,0.999786472916553,0.7802400738688827
1334,0.4355859157675564,0.3443639887740622,0.4254064723002404,0.5548942656599248,0.9997755014251679,0.7170356111645814
1335,0.44392838392950335,0.34503459616382726,0.42475761429577696,0.5827564209357388,0.9998055734774285,0.7393238434163701
1336,0.4209052192919392,0.32421366285600706,0.4090335273367717,0.5507455594922828,0.9997941981986379,0.7263083451202264
1337,0.4531606268729254,0.3586941477274137,0.4413137251350062,0.5748935400685246,0.9997921161947961,0.7530402245088869
1338,0.433185409944746,0.34263407958758857,0.4322886705546001,0.5336633797822098,0.9997952546599896,0.715669014084507
1339,0.3762494393165357,0.28635654149952294,0.3920871459352731,0.4590723098976251,0.9997651229165628,0.6844477836213373
1340,0.5033886121278556,0.4056131749267108,0.48359164627565326,0.6170852406928735,0.9997739127333263,0.7699293642785066
1341,0.4304884921154413,0.3364805413219974,0.43688711573838807,0.530744592830265,0.9997993417949175,0.7179039301310044
1342,0.39181167334255523,0.3061999279343117,0.3733518177327692,0.5059461100390372,0.9997702399475324,0.6554787759131293
1343,0.4521444898846336,0.36074724726309376,0.45349693281915693,0.5452948571565296,0.9997592706183195,0.7349768875192604
1344,0.47749578234633305,0.3745140586281344,0.45583118837668374,0.6097331729544777,0.9997746353748229,0.763302752293578
1345,0.435670956016052,0.33781100917705437,0.42621520502883603,0.5652134660892851,0.9997638959869294,0.7423887587822015
1346,0.43463551903379943,0.3470223391325784,0.4411431630412371,0.522621527256079,0.9998095777000792,0.7001044932079414
1347,0.4324638197850308,0.3381105381454375,0.43714716895707034,0.5334111492331742,0.9997602834045778,0.7382012466607302
1348,0.40806510901206555,0.320583345192718,0.401894020913053,0.5087570915951894,0.9998023603313482,0.6766856214459789
1349,0.41767832845041347,0.32362158259259943,0.4272806401525624,0.5123128794565582,0.9998169200794064,0.7076923076923077
1350,0.4221050178410084,0.33296147431650736,0.414612425776299,0.5275021003786834,0.9997867873640338,0.7068661971830986
1351,0.5023245151389377,0.4091305747585271,0.4834963824431815,0.6126016576531489,0.99978540447529,0.7703703703703704
1352,0.40092843664916566,0.30934602819960016,0.4025089493858376,0.512066748703336,0.9997640984211312,0.7003231017770598
1353,0.4164287349068344,0.3259077016706725,0.4241419256747786,0.5230556273663117,0.9997699081516233,0.7
1354,0.4435356113274364,0.35495655435411877,0.4469280905624005,0.5279106918424289,0.9997843566495553,0.6998480243161094
1355,0.4794771862653587,0.3852643471172001,0.4734106346297711,0.5965499059627821,0.9997890387447118,0.7668202764976959
1356,0.45239843931112034,0.35802517344269214,0.43979596056637554,0.5707788402172614,0.9997945142236307,0.7418879056047197
1357,0.49227451045792003,0.39897031166732716,0.4772834714850739,0.5990622277525507,0.9998035661071737,0.7703842549203374
1358,0.43682495859028747,0.34941647936391046,0.42785723508234497,0.5328136525144322,0.9998052044836027,0.6948717948717948
1359,0.4383630034322994,0.3450329788611042,0.43545304547295954,0.5317908018112862,0.9998033971065057,0.7086156824782188
1360,0.4381827962275039,0.34540878063712444,0.42927027615143915,0.5478921818231894,0.9997539920040098,0.7330552659019812
1361,0.4375906683643772,0.34571639016943084,0.44804898173429814,0.5176456564860892,0.9998067935812702,0.7069124423963133
1362,0.46106209339119225,0.3649009491576549,0.44545075555953695,0.5692688560646482,0.9997930867567812,0.7334630350194552
1363,0.42709319569862203,0.33306779814872833,0.4210638230551531,0.537880244492068,0.9997953552962994,0.7132644956314536
1364,0.44201947201129327,0.34347238952128945,0.43706378746009794,0.5587018056638657,0.9997947780216161,0.754601226993865
1365,0.38062729462814043,0.295428070668791,0.37047932564678715,0.48139328569414414,0.9998208770391326,0.6301261829652997
1366,0.4694280962811126,0.37322321216032034,0.4602430845933117,0.5927934329673168,0.9997854617361502,0.7671232876712328
1367,0.40283224824897057,0.3095865373785405,0.39996331622174264,0.5259579583058962,0.9998032548772514,0.7114591920857378
1368,0.47082532072376626,0.37794888583879016,0.4738777003983562,0.5558027798990357,0.9998177192893547,0.738003838771593
1369,0.44866344117576196,0.3594690812301789,0.4542215435609232,0.5420606981893967,0.9998092775948038,0.7228596646072374
1370,0.4315187262044496,0.3340962310657477,0.4092765521471034,0.5747562201346046,0.9997926356970266,0.7399030694668821
1371,0.43613109564643643,0.34153008097814996,0.41088061306786944,0.5778586805391067,0.9997933793014143,0.7249097472924187
1372,0.4302143675305065,0.3367530592613848,0.42086927876602,0.5550509200451801,0.9997804933559336,0.7215447154471545
1373,0.41276284036749683,0.3148563607464827,0.4165904200973362,0.526698123075991,0.9997682135567924,0.7416812609457093
1374,0.43091297679071666,0.3397380909872701,0.4328925908524839,0.5254631648769345,0.9998270697186454,0.7101449275362319
1375,0.44377203063017634,0.3487933365135209,0.42988508116675883,0.559567813602158,0.9997729089960072,0.7187237615449202
1376,0.42763464259388717,0.33539191701379467,0.4359064389830955,0.511462007036205,0.9997653377960529,0.7132043734230445
1377,0.39107912515701065,0.3077481301030802,0.3820789702665041,0.4961267698721869,0.9998015609339008,0.6529360210341806
1378,0.4504822659557191,0.35231426301997576,0.45253256447904366,0.5596730944918377,0.9997599855806963,0.7620020429009193
1379,0.462996751587208,0.3685117883283045,0.45478555861448816,0.5673047988644776,0.9997932920619995,0.7314814814814815
1380,0.4584028455845593,0.36487278675829593,0.443566264833299,0.5702049689919976,0.9997880231205202,0.7394695787831513
1381,0.4570812332749031,0.3616501968173713,0.4565413032555527,0.5522641337924132,0.9998073500267314,0.7303271441202476
1382,0.4006385938308173,0.31358566981592223,0.3997223973814727,0.5046279757900346,0.9998198124680363,0.698943661971831
1383,0.4199316540623318,0.3307693687166967,0.42552223708182074,0.50451588296012,0.9997709252742353,0.683151718357083
1384,0.44670073802463,0.35354029835985634,0.44943980266640665,0.5371007372405928,0.9997878290297142,0.7133655394524959
1385,0.414638905867483,0.3211389888751979,0.41254590613282077,0.5304947983606005,0.9997653251028957,0.7187257187257188
1386,0.44879743015361606,0.3611215453620247,0.44949532147918647,0.5263764475118572,0.9998124882916297,0.7066993464052288
1387,0.43817986660591635,0.34230445572114826,0.43532670579412414,0.5459665052025119,0.9997840980280625,0.7412420382165605
1388,0.45116881817553356,0.35667814291273686,0.4428423562432226,0.5553060403822225,0.9997926374674477,0.7339373970345964
1389,0.4251586267588316,0.3287451596517736,0.43783412838218094,0.519633177134622,0.9997854052090024,0.7275693311582382
1390,0.4699657149709833,0.36888518901169365,0.47626915676913767,0.5651189296924994,0.9997688010932986,0.7474931631722881
1391,0.44900008469579855,0.3518532151664318,0.4243992363443456,0.5811472142549202,0.9998058507289416,0.7324955116696589
1392,0.41192630022070453,0.327508869981635,0.4062002811888483,0.5090879213933114,0.9998214351432159,0.6595067621320605
1393,0.4343143092024884,0.3398717384169799,0.42570144466648147,0.5500772813561214,0.9998034505317986,0.7177177177177178
1394,0.4463673959211726,0.3577157247291367,0.4484741040946359,0.5349915600892317,0.9998052646454177,0.7051416579223505
1395,0.44948847202061465,0.3590381906664883,0.4350019742929165,0.5523647645838335,0.9998026595942768,0.7150786308973173
1396,0.4530619576346679,0.36163108219608675,0.4512949711895795,0.5582887371117442,0.9997886310079067,0.7197197197197197
1397,0.4272337595152097,0.34029109546818403,0.42534318117950853,0.5309320363646663,0.9998123379270372,0.6983240223463687
1398,0.4708608707143182,0.37844958752527924,0.46172140380117876,0.5846753055172342,0.9997913576218124,0.7483317445185891
1399,0.4355194278763595,0.3428172767306648,0.435052792015656,0.535836776268925,0.9997906425569324,0.725883476599809
1400,0.47441364619609927,0.3793557647855763,0.47513929197898014,0.5631177599483933,0.9997727860125498,0.7468230694037146
1401,0.4419797779663977,0.35335130244176594,0.43762664623251357,0.543755413894242,0.9997929162141538,0.7170693686671863
1402,0.4686630524496663,0.3759420038657603,0.4675488922795931,0.5514289487529785,0.9997906172205432,0.7318611987381703
1403,0.4052073217607352,0.32050799493120324,0.4025179110591176,0.4978346393810148,0.9997868952791279,0.6595744680851063
1404,0.4344505228350279,0.34347673012978935,0.4378396864178967,0.5205801096608664,0.9998130480369819,0.7193638914873713
1405,0.36119409363655236,0.2817345734444546,0.3643451371677625,0.44886030065857624,0.9998121083993414,0.60859375
1406,0.4422584985198941,0.3458494571181395,0.4425032263365197,0.5616106138511568,0.9997864372042833,0.7317574511819116
1407,0.45140071796162445,0.35165981380574035,0.4400120166244539,0.5785253353780837,0.9997700900502571,0.76309963099631
1408,0.40005539662135214,0.311953488996579,0.40402220833818114,0.4868731165472667,0.9997850673171319,0.6631814787154593
1409,0.43296235653903775,0.3348520497601845,0.4028571207309925,0.5806705402567017,0.9997959959680877,0.7236947791164658
1410,0.47485735295260983,0.38425200696283474,0.46851717527340486,0.5778432287866139,0.9998326094740131,0.7365754812563323
1411,0.48540461265559126,0.38507187376229585,0.4612835733598875,0.6297523555547735,0.9997871517314295,0.7850779510022272
1412,0.4257828293515583,0.3281429827754084,0.4345617379113863,0.5214966095398513,0.9998110917524456,0.7269503546099291
1413,0.4589932137706736,0.3634147978823009,0.4494051458740526,0.57157346418209,0.9997902658478853,0.7256317689530686
1414,0.4755213361580165,0.3782149077572883,0.45723531546980356,0.5950312794385851,0.9997861303618117,0.7555379746835443
1415,0.4428829177985409,0.34511082948329114,0.4361160317702023,0.5590400876489834,0.9997917262948787,0.7407675597393193
1416,0.42249659903599385,0.3318399061980091,0.4270532901411463,0.5155351245443757,0.999783518452379,0.7123287671232876
1417,0.43959714886342727,0.339175305429176,0.4382746897592837,0.5563357182794809,0.9997938299645452,0.7538688282977155
1418,0.43417631452482736,0.33956849922750276,0.4344603672888722,0.5464637757865995,0.9997960666147957,0.7368421052631579
1419,0.46879977744926055,0.3740124711557036,0.45267560524029843,0.5826740222924333,0.9997720039770642,0.7417631344612645
1420,0.42809242794220614,0.3401983847026508,0.41732623176302763,0.5420770247933846,0.9997827980996098,0.699468085106383
1421,0.4497021640022938,0.3530432234534365,0.4579689166784944,0.5468094221188023,0.9997890147006393,0.7475728155339806
1422,0.43181385544605977,0.337626835730706,0.43470761610879377,0.5395415572562795,0.9997815314945298,0.7417004048582996
1423,0.43830654815082504,0.3401876202312604,0.4482607188658937,0.5443373572415562,0.9997857216439733,0.7512388503468781
1424,0.3931011988594732,0.299815325747152,0.39069562344381936,0.5136317753839814,0.9997818561569144,0.7168141592920354
1425,0.4605046620711953,0.36509329992750766,0.4525431757082076,0.5703039728553054,0.9997872977961474,0.7415413533834586
1426,0.4300043157699266,0.33797293909767506,0.4309462227513359,0.5203390004768844,0.9998136684384725,0.7043103448275863
1427,0.4431049747500003,0.34203397155670984,0.4349778313821248,0.5682686310252427,0.9997737463387362,0.742928452579035
1428,0.4412719779241316,0.3424930848449072,0.4288515325806048,0.5608540914446292,0.999774278701444,0.7402044293015332
1429,0.41598466152753927,0.32753209363171987,0.40609771008037054,0.5349042894504548,0.9997933062564078,0.6955280685061845
1430,0.4374871323789746,0.34401291191260214,0.4158521423136132,0.5743420531274155,0.9998015748349388,0.7310278578290106
1431,0.4102152709126995,0.3154250075242334,0.39436609229302416,0.5464278241223705,0.9997863895808266,0.7151162790697675
1432,0.4496201571803786,0.35385008866889905,0.42466467770968774,0.5756992680176601,0.9997866334597297,0.7426229508196721
1433,0.4395052085100269,0.3490373299136715,0.44552480218157636,0.5298217385048938,0.9998201862430588,0.6986940298507462
1434,0.45866739955322433,0.36225534703540796,0.4750015642193005,0.5510619731788856,0.9997967958022808,0.755859375
1435,0.49020540890892955,0.394555610371012,0.4733350509296011,0.6100459503660404,0.999779577122416,0.7684391080617495
1436,0.4054397758506788,0.3188120902367581,0.3987544425295547,0.5183372398359365,0.9997927824140365,0.6695501730103807
1437,0.40349122554319566,0.31140714467283453,0.3965296806478834,0.5268571431117337,0.9997985228144781,0.7106549364613881
1438,0.40635600928923266,0.31845973216846735,0.4051914335481583,0.49625675215631,0.9997692267638209,0.6722606120434353
1439,0.4192365700569353,0.3286190300733494,0.4220153238797314,0.5188795612951212,0.9997740581494119,0.6967509025270758
1440,0.4015819534684528,0.31086568352809857,0.41293764159491536,0.4938096807011276,0.9997740570077225,0.6984
1441,0.47099475901543114,0.38162143783907854,0.47138958590976476,0.5626080204216267,0.9998006331437294,0.7377358490566037
1442,0.4503287312657287,0.3565653203280151,0.464988407108326,0.5178522187408668,0.9997974413987132,0.7106863596872285
1443,0.44352774974572695,0.3481168251398271,0.4387181138410206,0.5515255704977984,0.9997829608674254,0.7386934673366834
1444,0.4426746153947911,0.34235809544658713,0.4280332435819917,0.5784084988841949,0.9997713408196248,0.7464195450716091
1445,0.5047149030070139,0.400763815339175,0.49378113065354434,0.6134069403580048,0.9997755624316831,0.7880239520958083
1446,0.44872979497804677,0.35769973619765205,0.44380394435507686,0.5446197249590742,0.9998009703703747,0.7246376811594203
1447,0.3898558772966043,0.303876183791808,0.3880757423226614,0.49287925201021543,0.9998008246180081,0.6568457538994801
1448,0.4676953291126267,0.37920264196146836,0.45677997322294744,0.568984088071475,0.9998039773081814,0.7300672430355427
1449,0.42540832430510467,0.32996459850310766,0.4206694854043223,0.5268845088820211,0.9997656694293423,0.6971726190476191
1450,0.4477616029637864,0.34718961330899223,0.42667095948613926,0.5877678902096306,0.9997775478425157,0.7521105141980046
1451,0.4411537192630039,0.35260664805859443,0.421154322664154,0.5459259332609512,0.9998078345065091,0.6784282277465918
1452,0.4373576223019535,0.3463394337444193,0.4342769391212307,0.5394866305369372,0.9998028631121867,0.7101584342963654
1453,0.428388777063054,0.3345759213742461,0.41861931312770434,0.5501055779455153,0.9997776285022082,0.7179902755267423
1454,0.4214374270739621,0.3381618161567447,0.4305096002579821,0.4989002894296793,0.9998285232902412,0.6716566866267465
1455,0.43960726275392387,0.34853158526946504,0.43637647812004915,0.5425311518381756,0.9998102864128363,0.7142857142857143
1456,0.44897429525762544,0.3567772769114222,0.43609822448258295,0.5512587077531619,0.9998137087974174,0.7146763901549681
1457,0.4491268119893673,0.3572229039330418,0.42335277973408514,0.5759621926264631,0.9997991994664011,0.7205240174672489
1458,0.4383743221918647,0.3423630367489263,0.44013117769119653,0.5492302367532909,0.9998085809925487,0.7443419949706622
1459,0.4322511567141816,0.3461751349612674,0.4333797861810196,0.5198184945174228,0.9997643306543825,0.6884816753926701
1460,0.4220463290841612,0.3359609149027571,0.4130619841542522,0.5230373316013918,0.9997961150596902,0.6877133105802048
1461,0.4166265475736423,0.3197528070993534,0.41306288165328114,0.531418741597116,0.9997746218672415,0.7219343696027634
1462,0.44785408642910934,0.3536649321549965,0.44719972168155536,0.5540096530806755,0.9998124773128408,0.7455731593662628
1463,0.4577429183839785,0.36105715538411454,0.46627450162041545,0.5338669346771532,0.9997837580813682,0.7265437048917401
1464,0.4349032639760918,0.33874664463353654,0.4189591207150484,0.558658702562592,0.9997864304356437,0.7276565798733287
1465,0.45825663457073046,0.36419662772195227,0.4478696954843377,0.5614305059114527,0.999813558826258,0.7351509250243428
1466,0.42596626572246854,0.33717880025876185,0.40581773134694454,0.5446974890554607,0.9997874799569315,0.6852189781021898
1467,0.47490616403300295,0.371807325049405,0.4588796497831365,0.5987738368702943,0.9997582076435428,0.7736563209689629
1468,0.4547840647206779,0.3591825114742303,0.4381415709320856,0.5780803286347143,0.9997967854776958,0.7323279924599434
1469,0.43422200873175376,0.3384379505070962,0.4133695177087217,0.5760142865602945,0.9997908845020074,0.7334437086092715
1470,0.44110886837944535,0.3501299442262913,0.43502892968325574,0.5469190558456125,0.9997901554639682,0.7061812023708721
1471,0.44479249350875344,0.3543933577742477,0.4407255564541123,0.5543391921619278,0.9998089450335885,0.726679104477612
1472,0.4296991660310951,0.3353419167646295,0.42424882082385,0.5403014862129124,0.9997994042834153,0.718942731277533
1473,0.49673936169032645,0.39443983982802955,0.49770752509605226,0.5910325185109945,0.9997431042552828,0.7777777777777778
1474,0.400143213976345,0.31273495840018545,0.40806646413990133,0.49346674497970344,0.9998197548745199,0.6882882882882883
1475,0.4297712250636115,0.3362798395905907,0.4170817232481851,0.5521661373311433,0.9998141047360648,0.7226027397260274
1476,0.40286118914543545,0.31394377560454617,0.39123645137581364,0.5109584344671984,0.9998102610307509,0.6681222707423581
1477,0.4260180562387614,0.3333774383754245,0.41796632658494953,0.5478556754090026,0.9998038290307315,0.7248979591836735
1478,0.45350290971057355,0.3580102004852008,0.4526439261868753,0.5625044812574173,0.9997556047411457,0.7553648068669528
1479,0.39176828802725355,0.30722107053066733,0.41428104047174497,0.45259304817098744,0.9998205168665014,0.6666666666666666
1480,0.46054648027691686,0.3646728791182139,0.4472578696043924,0.5606091549831594,0.9997982886394947,0.7322907083716651
1481,0.46841358731620253,0.37737576558042596,0.46628794439735366,0.5582051393593274,0.9998153509594524,0.7275953859804791
1482,0.429142868779366,0.34149760101462895,0.43449333994116207,0.5159636300881728,0.9997928651775616,0.7058823529411765
1483,0.4171138403954369,0.3249907292493205,0.398985056810389,0.5451074863109451,0.9997868526803332,0.7173761339846476
1484,0.44437318132590375,0.3495631696070522,0.4328778488274128,0.5568046264088565,0.9997776802160672,0.717948717948718
1485,0.40336523705310057,0.3093242591744721,0.38986802199246184,0.5203016199587863,0.9998049311725471,0.6986994219653179
1486,0.4506238398990696,0.3560010433306797,0.4406530509020781,0.5448644726105414,0.9997840299130655,0.714164546225615
1487,0.4339731245635406,0.34384141045158423,0.4415341453923524,0.5231730401462072,0.9998048377261183,0.7075393537696769
1488,0.43372214169156276,0.33668577069214545,0.4255467212722743,0.5644582820067877,0.999795503638905,0.7483059051306873
1489,0.42741770606260865,0.3379365614733521,0.4167996587682877,0.5379254283276174,0.9997882824350239,0.6985726280436608
1490,0.4139503658083117,0.3234438520238015,0.4152126502913537,0.5206582309838065,0.9998080499038146,0.7176470588235294
1491,0.4340150124742566,0.3492627236575047,0.42425776866382864,0.5333393307672066,0.9998074992758866,0.6845528455284553
1492,0.4103634744221691,0.31981190428937467,0.4200239198517076,0.5148462235902967,0.9997574413818371,0.7145811789038262
1493,0.4565766437661904,0.3622182810826151,0.44688492544931135,0.5669188681146549,0.9998143821518419,0.7297077922077922
1494,0.44422695464283285,0.3505550804703523,0.4361636990560125,0.5495832594657309,0.99978736516928,0.724354501046755
1495,0.44708369437962775,0.3559683994604787,0.4458953855057814,0.5305897797901935,0.9997942953582997,0.7189542483660131
1496,0.47472814825261334,0.3710929550847506,0.44076495324693804,0.6194515186458355,0.9998011121271895,0.7729044834307992
1497,0.44369511756767416,0.34865305930416485,0.4390680216156625,0.5517627202507068,0.9998073840088985,0.7257918552036199
1498,0.44653512969553927,0.3500673542028131,0.4213891507452602,0.5912068588481844,0.9997954157472658,0.7469426152398871
1499,0.40338791538709234,0.31707858318421106,0.4137011216842106,0.48243327438633404,0.9998229339467674,0.6675170068027211
1500,0.49274141066727795,0.39245972493968984,0.47324426450699575,0.6015852248393131,0.9997962590373836,0.7683150183150184
1501,0.46070218458059875,0.3663714488312374,0.45865929461925276,0.5480081983752538,0.9997913892223127,0.7228541882109617
1502,0.42655680144911545,0.33105941937421857,0.4062402846371471,0.5441254016217988,0.9997968598490882,0.7043918918918919
1503,0.4294330030507453,0.3483255976186088,0.42077353673457796,0.5200082729597912,0.9998082578968276,0.6663424124513618
1504,0.44403352561825127,0.35089956261755156,0.44902012098007626,0.5424956717347488,0.9998153996453556,0.7286821705426356
1505,0.43924323296260753,0.3467826737084091,0.4238939912776968,0.5543825851390338,0.9998029216742963,0.7144082332761578
1506,0.4898738484052535,0.3926728073497962,0.48243616262753686,0.5825218006236639,0.9998228840529904,0.759090909090909
1507,0.46026002944171607,0.36629143057058583,0.4673817039531965,0.5345522530621655,0.9998074953557978,0.7421944692239072
1508,0.3843843897987697,0.2919071428973282,0.3843280568534202,0.513005409243156,0.9998129176394162,0.6866725507502206
1509,0.4352553613303668,0.3454985829948089,0.4383146194479171,0.529759823419617,0.9997989742750352,0.7226202661207779
1510,0.46956284234037204,0.3721301629238412,0.44044960833808067,0.601311565260083,0.9998103832622623,0.7411467116357504
1511,0.40712308033483274,0.313725676022589,0.401851075051592,0.5271454486869335,0.9997885048564102,0.6983471074380165
1512,0.45844197147933374,0.35685151573660384,0.4425151422615888,0.5866515238163507,0.9997944966574865,0.7565849227974568
1513,0.4372392557652545,0.3404504861084089,0.44242984857103396,0.5340246499033579,0.9998011097886841,0.7397260273972602
1514,0.44908010325820347,0.3551967550245586,0.43385551306264825,0.5594244432697577,0.9997744066322313,0.7295504789977892
1515,0.4325201681910917,0.34220600410506113,0.4373436168638481,0.5147459000590012,0.999769133059812,0.7077662129703763
1516,0.4760144956233238,0.3776655428925609,0.46361689302710907,0.5862398234276838,0.9997549857224477,0.7622377622377622
1517,0.3943163682658542,0.3034676033731145,0.3873087287648507,0.5105997756947724,0.9998043057701995,0.7019064124783362
1518,0.4559375951920723,0.3674394554845853,0.45812837730759504,0.5386138157289048,0.9998210127439078,0.7268722466960352
1519,0.3990607372983971,0.3098414818966312,0.40573226571431603,0.4832019801839578,0.9997675759513418,0.6824644549763034
1520,0.4478081344870469,0.34986014041080926,0.44143240471664136,0.5764811389033366,0.9997836564253794,0.7540983606557377
1521,0.42549479487246455,0.3339349159429823,0.4272589013396162,0.5334360855958302,0.9997699805040943,0.7393364928909952
1522,0.4654952597667768,0.37405297905967094,0.4664835188186612,0.5439009635839196,0.9997799161413021,0.7322551662174304
1523,0.42438966435969727,0.3313372507085562,0.402181811648153,0.557177936412387,0.999772126308983,0.7078986587183308
1524,0.4430541615679524,0.34453550989947707,0.45001387845445756,0.5525652068110423,0.9997881603899399,0.7362012987012987
1525,0.4402196571490576,0.349983282211859,0.4458836657141556,0.5237970935879228,0.9997918809984867,0.7006802721088435
1526,0.45301138583188044,0.36375662210019055,0.4676870076857811,0.528393544963862,0.9998061908865067,0.7303609341825902
1527,0.4466920045189022,0.3462708639001815,0.41853199463029955,0.5911008875997082,0.9997890430493669,0.7386973180076628
1528,0.4423411909832258,0.35098897960766623,0.4571400433382839,0.5298218876527944,0.9998041911060894,0.7311072056239016
1529,0.45702056891491427,0.3624709889328249,0.46091998173601545,0.5476700199010682,0.9997679145403146,0.740418118466899
1530,0.42517881118059886,0.3388178801144334,0.4080250361247233,0.5349424758657181,0.9997958800081134,0.6702222222222223
1531,0.4780331812198315,0.3812828160678649,0.47587956942364995,0.5755246928186151,0.9997774365797425,0.7581641659311562
1532,0.41931245950076146,0.33088920844308173,0.4140452052611246,0.5203314052834663,0.9998023538919162,0.6990131578947368
1533,0.43383343418222153,0.3444457217203609,0.4202229781091758,0.5425682417571341,0.9998067826217268,0.6979553903345725
1534,0.4290821546510498,0.33335165564451164,0.42844196209294866,0.5342111159947761,0.9997907013310172,0.7248826291079812
1535,0.4506972193414378,0.36343590725091895,0.44334849779835644,0.5427985747747102,0.9998150053613679,0.6888694127957932
1536,0.45370677502625595,0.3628113297052105,0.45082170100185415,0.5521549794263015,0.9997847166327374,0.7210762331838565
1537,0.45091751066035257,0.356897232535803,0.44542976436600296,0.5598929191522657,0.9997811132590761,0.7302052785923754
1538,0.4403236738340724,0.3452221934113788,0.4454040903399355,0.5396213086322216,0.999782483876169,0.7257383966244726
1539,0.45915833366871545,0.3606336243516201,0.45319447707141186,0.5670751002657717,0.9998018133271824,0.7512479201331115
1540,0.43331892024302804,0.33867700085523494,0.434756165906051,0.5317899922396625,0.9997700483420869,0.7201754385964912
1541,0.4670844506471769,0.37250731727097286,0.4607702103905007,0.5684387953947418,0.9997856713032149,0.741727199354318
1542,0.45137797183598244,0.3545357401665829,0.42109449400164545,0.5899794460118656,0.9997840456810856,0.7304907481898633
1543,0.4553963511261383,0.3548668021615711,0.42509319668469403,0.6010769672797122,0.999801766975993,0.7515695067264574
1544,0.40336703111272987,0.3129874174916211,0.38784747186647617,0.5245041625992378,0.9997747142262577,0.6828231292517006
1545,0.4914449879037325,0.40452132638405586,0.48753658171112746,0.5758284473401171,0.9997965605367959,0.7282479141835518
1546,0.42101299225572475,0.3250995713566286,0.39323938531253166,0.5621841050394503,0.9997969685025958,0.7039800995024875
1547,0.4638009792149736,0.37051116237578896,0.4461673380681512,0.5911685070056307,0.9997663547899157,0.7505900865460268
1548,0.45878161519166355,0.36072641739617944,0.4371483536615735,0.5960305986782992,0.9997794355600526,0.7566702241195304
1549,0.47637584613491074,0.3820272954946183,0.47428786984955185,0.5638740075658701,0.9998163273184276,0.7345454545454545
1550,0.43948178977799957,0.34672210469297293,0.42399038183217397,0.5526553160931638,0.9998080088829957,0.7076689445709947
1551,0.44294025991991015,0.35042716465788126,0.47195896761294676,0.5001979904521134,0.9997742660271192,0.7086267605633803
1552,0.40302528123875625,0.31409297151722393,0.4093118892169846,0.5032305516464931,0.9997791422002151,0.6886134779240899
1553,0.4586654116249418,0.36929532376471724,0.4526628218909603,0.5585726639141416,0.9998056278691084,0.7267080745341615
1554,0.4358664897446735,0.33973581960870575,0.43610731150006454,0.5487477493402068,0.9997967380285078,0.7429111531190926
1555,0.40545180576324286,0.31415264537313403,0.4101194848377278,0.5042479052868105,0.9998005481301542,0.6842560553633218
1556,0.3978379087308911,0.31075074254989654,0.3866456287372831,0.5143519766207,0.9997876332526947,0.6812080536912751
1557,0.4207521836250699,0.3262543836082502,0.4381902680912031,0.5017227742216723,0.9997694612704245,0.7113144758735441
1558,0.4643081063634298,0.3704910021665378,0.46061220150923,0.5565437816023149,0.9997861395763976,0.7277676950998185
1559,0.42803604493506625,0.3327552217106569,0.427633813426723,0.5358143855724949,0.9997896803447833,0.7122464312546957
1560,0.4783518615149127,0.37932992202331944,0.45578669699169055,0.603372020137006,0.9997946939477155,0.7512038523274478
1561,0.434368577292399,0.3399326931029747,0.45235584875057605,0.519015616369805,0.9997969064481966,0.7431279620853081
1562,0.44593567361025344,0.35223293243088677,0.4499542617817194,0.5383123044814856,0.9997971358133564,0.73665791776028
1563,0.47039448393606376,0.37643068811852043,0.47130485434526925,0.5623921553190685,0.9997745689662408,0.736159169550173
1564,0.4565068360193654,0.36326926746912985,0.45488522475061044,0.5470627694418723,0.9998033637704576,0.7298728813559322
1565,0.4975531805800009,0.3995819322506853,0.48025102401032105,0.6115654360396904,0.9997822226383544,0.7676595744680851
1566,0.41118159749153077,0.3172172658596412,0.41191792303342817,0.5144120891330863,0.9998024368552765,0.6997294860234445
1567,0.41804782046735445,0.33193285131637157,0.3980792658573654,0.5410083063188982,0.9997977052586259,0.6980428704566636
1568,0.3969111490351557,0.30877027728544004,0.3808955535430765,0.5089506959503206,0.9998010417229334,0.6702568351284176
1569,0.42365805695835135,0.3320964181538063,0.4172800020371999,0.5235742534206534,0.9998029671392252,0.6920236336779911
1570,0.41497020631412135,0.32455426174919777,0.4108619544808737,0.5251792244068745,0.9997804759999148,0.6886417791898332
1571,0.4065739241591321,0.31236937362913825,0.4024245826094054,0.5096457278721745,0.9997924849614286,0.7036450079239303
1572,0.452569640701931,0.35889418601307554,0.4579800539538782,0.5477992367687654,0.9997873505678586,0.7457962413452027
1573,0.4914096469214267,0.39566303425404575,0.48036228284012933,0.5867642679795524,0.9997890732186409,0.7528187337380746
1574,0.43203920152897585,0.337786685485821,0.43028789113303395,0.5435332888818332,0.9998063523126022,0.723196881091618
1575,0.46118331477558383,0.36869012452436145,0.4659015831204437,0.5516555237743903,0.999814747422623,0.7415730337078652
1576,0.4132917589005047,0.3251480205167573,0.4311602722305386,0.5055742266814621,0.9998074394848094,0.7124856815578465
1577,0.3964006512445742,0.31145968072881614,0.3880493613835677,0.504770782404049,0.999773603629966,0.6604444444444444
1578,0.45456550196655987,0.36336594288541624,0.4540105411716873,0.5551119231102631,0.9997762953334149,0.7237061769616027
1579,0.4047066423043507,0.3152328463081042,0.3978490723951714,0.536249495201331,0.9997996946327592,0.7060964513193813
1580,0.484023246746009,0.3900861861506432,0.4578759913971343,0.599756477465834,0.9998002990745766,0.7415611814345991
1581,0.49148892851339776,0.3930614695317602,0.47682766820454375,0.6097145860665282,0.9997633489696951,0.7755572636433513
1582,0.43296712944312676,0.33946460428383696,0.42658841908897577,0.5521974469572012,0.9997972974220131,0.7219251336898396
1583,0.42008314294592414,0.32277841496666293,0.4104326374336766,0.5361927275468605,0.9997851168293809,0.717605633802817
1584,0.43594694739495915,0.33953842300057974,0.4305314631338571,0.5568823034507887,0.9997891967982404,0.7313432835820896
1585,0.44617636744435485,0.3516052751120511,0.432360754619244,0.564162980977923,0.9998025048408725,0.7278969957081545
1586,0.4491826242318551,0.35960616763230074,0.44034546892665183,0.550944818007614,0.9998131542250482,0.7220708446866485
1587,0.3784966103531175,0.2918752488658913,0.3937390524825145,0.4722753086604181,0.9997929872615714,0.6660323501427212
1588,0.4932332798296178,0.39437458847400536,0.4635602690112478,0.6256650699553566,0.9997906958596106,0.7706032285471538
1589,0.415055750578946,0.3212603505140469,0.41792564510148733,0.5211322051281412,0.9997844348894989,0.7048034934497817
1590,0.47366720969425474,0.38105175651741974,0.4496249388569672,0.5976205355680014,0.9998122479848147,0.7398785425101214
1591,0.44932105865164756,0.3578437200333702,0.4358916934187971,0.5668729530390166,0.999795184601592,0.7195225916453538
1592,0.4315906458489082,0.33703784717131113,0.43231913137138145,0.5279048213106441,0.9997827810146332,0.7121478873239436
1593,0.4374550551486082,0.34273698952625486,0.43205992383904196,0.5379483320936627,0.999788436678888,0.7007240547063556
1594,0.4562597773060335,0.35732394648243193,0.45344170162276287,0.5609749705551065,0.9997927358217308,0.7495934959349594
1595,0.43192764387025145,0.3381135101366047,0.4143322532246587,0.5687098389535916,0.9997965402938667,0.7365771812080537
1596,0.4180880505586868,0.3285246417118819,0.42501737507285203,0.5002040555754435,0.9998111034981921,0.6882738528769119
1597,0.4362226308804354,0.3482119978385059,0.42665051538285986,0.5376124661857088,0.9998096565004428,0.7055616139585605
1598,0.39402431282024136,0.3042285198769456,0.38575599630889407,0.5179190424257342,0.9997929164788271,0.6932907348242812
1599,0.4294026444136533,0.3393707687843245,0.42053444574235216,0.5405333082427534,0.9998290469031302,0.6999260901699926
1600,0.4283650867969811,0.3421800867337532,0.4244934558080999,0.5207843986935226,0.9998326132962491,0.6780128794848206
1601,0.483401536693861,0.38586082810280803,0.47629174512240924,0.5846020427649579,0.9998163541906461,0.7543689320388349
1602,0.41268716913316966,0.32085419411836397,0.40674681841415444,0.5374991908008144,0.999800115570523,0.7064714946070878
1603,0.4491857026771134,0.35204460453642095,0.4296691462836825,0.5781795544908805,0.9998007677100959,0.7363851617995264
1604,0.48808309268788724,0.39253470586384914,0.4871971122360304,0.5737259083661256,0.9997560480378244,0.7524752475247525
1605,0.46629016517614924,0.3697422416497894,0.45973980891949756,0.5781715729964717,0.9997874780445358,0.7582089552238805
1606,0.4684700859056667,0.379932735664213,0.473825091619555,0.5441347951453049,0.9997934101903759,0.7382999044890163
1607,0.4427458385542461,0.34898968146525966,0.440890269869382,0.5463036499799364,0.9997688455145993,0.7234693877551021
1608,0.45763587469671735,0.3579372393162698,0.4396461828848891,0.597208230175409,0.9998042088755171,0.7570977917981072
1609,0.49642465875233915,0.40125667770010875,0.4908630847109024,0.5837528271085358,0.9998030466553341,0.7591792656587473
1610,0.4669749978138955,0.37126464990195557,0.46575889864981695,0.5679303352092389,0.9997911323339317,0.7546583850931677
1611,0.45750312531980947,0.3673195852385764,0.44952433450202256,0.5587896833192751,0.9997921741253517,0.7333333333333333
1612,0.44482509187626634,0.35607104298493647,0.44255994470068905,0.533314625654684,0.9998012486839037,0.6935908691834943
1613,0.43499772383312457,0.34211331845196985,0.44044207011675146,0.5255023335534471,0.999798118760941,0.7250396196513471
1614,0.4248193742185487,0.3273587586272294,0.42137444950570846,0.5460040599985034,0.9998125790043666,0.7337662337662337
1615,0.41701950296984835,0.33005184114035735,0.3998294701824947,0.5293041904852974,0.9997740614163719,0.6621043627031651
1616,0.42564580441712796,0.333095759553792,0.42074160624695295,0.5309912604252264,0.9997941715763455,0.6998355263157895
1617,0.42029901972904227,0.3302033131840158,0.42342932402315137,0.5182851321511921,0.9997946155362569,0.684931506849315
1618,0.4175175822938466,0.32748747005207257,0.4172502494310045,0.5132734811960175,0.9998119043703602,0.6952965235173824
1619,0.43175767487062744,0.3378144034240243,0.4114854816078872,0.553879264332003,0.9998203210682971,0.7092297015961138
1620,0.4380753982496299,0.3427331908851446,0.4280105411666499,0.5418592328218935,0.999800803747138,0.7159810126582279
1621,0.3952290704646427,0.3033703632425529,0.3802131128028054,0.5374820320460674,0.9998003688085152,0.7017411052233157
1622,0.40888968059626507,0.32672756443727896,0.4070675376973081,0.507524950444926,0.9997846119715113,0.6609257265877287
1623,0.4317601813662504,0.3368012761990433,0.4412197309225628,0.527462586408455,0.9997837703192912,0.7249488752556237
1624,0.4763839374000508,0.3807550528711895,0.4770713074163635,0.5639795659089063,0.9997722328545927,0.7387755102040816
1625,0.42194989745398287,0.3350943304247934,0.4139508169038239,0.5197755492866203,0.9997714577863188,0.6930280957336108
1626,0.46873207422193075,0.374581486689326,0.45817374229121705,0.5688943623545534,0.9997903427812633,0.7415349887133182
1627,0.4615566086506326,0.3642538537664966,0.46697964142523096,0.5598874787510532,0.9997694508679181,0.7498069498069498
1628,0.47406697690564586,0.3809238212605633,0.45994690719751635,0.5947984939800309,0.9998076688279147,0.7544964028776978
1629,0.4662178450971324,0.37445687576955067,0.4649785762219865,0.5530837282321445,0.9997884334628662,0.7323279924599434
1630,0.4538439980545619,0.36042853724367435,0.43728441657535755,0.5691009855545457,0.9997932789268652,0.728213977566868
1631,0.4772440098767385,0.379716403885518,0.4757957332273054,0.570957759056047,0.9997899569915476,0.7610544217687075
1632,0.39551210942623194,0.30318277609461436,0.39832349226924246,0.49777934857952494,0.9997964837800303,0.6849087893864013
1633,0.43228212386794507,0.33492188236157583,0.43008764156287016,0.5477389573891752,0.9997957724431515,0.7389969293756398
1634,0.4213766539863214,0.33115822153093316,0.43067704045468447,0.5024279685161046,0.9997698515550133,0.7054337464251669
1635,0.4582539502869777,0.3589444089710657,0.43984313247148116,0.5935792670931178,0.9997787740956744,0.7509912767644726
1636,0.4559330632544357,0.3591308097199748,0.4521194232006364,0.5715523840808143,0.9997813599951486,0.7619047619047619
1637,0.41795636286805365,0.32892173065015456,0.4038850188394028,0.5450407085867233,0.9997877050554927,0.7165271966527197
1638,0.48811139946395316,0.394522251326337,0.4715781141068973,0.5947540017840008,0.9997819013187965,0.7641325536062378
1639,0.4482246710435583,0.353023401336417,0.4215370872590488,0.5771295755681252,0.9997932500423896,0.7285191956124314
1640,0.4658220626655081,0.37123525860368306,0.44469996950839374,0.5845762395010711,0.9997923494946263,0.7491166077738516
1641,0.45995746705473034,0.36823625912757857,0.46151583582701666,0.5536078676930782,0.9997842664099325,0.724607329842932
1642,0.4236234070209589,0.3341822539242228,0.4247560014966689,0.5259241259133212,0.9998036450836747,0.6871609403254972
1643,0.39054420707297605,0.29915233362844446,0.39004186432562893,0.503467411680781,0.9997922907275296,0.6817713697219362
1644,0.4799309788478604,0.3821988008733173,0.4553977130733867,0.6083516016500486,0.9998011455693351,0.7569686411149826
1645,0.4943068638680565,0.3977060552391424,0.48602248196157866,0.59908269021786,0.9997935078336027,0.7690140845070422
1646,0.4183358500317665,0.3292264935380041,0.40839563440128857,0.5332274567208726,0.9997969704577899,0.6920583468395461
1647,0.434170682686259,0.3405030843902352,0.4293508209459839,0.5476295721916278,0.9998009139054649,0.7176669484361792
1648,0.3962549022758605,0.3070561814699236,0.40230235130471703,0.48875595808162914,0.9998243787530606,0.6823623304070231
1649,0.44402870201805,0.3517655591357741,0.438167265579928,0.5461754074466069,0.9997918708152732,0.7211350293542075
1650,0.47781610434831123,0.38856826867069677,0.47410653892536675,0.5650536849438457,0.9998113764247523,0.7305194805194806
1651,0.4253122164875558,0.33265237783403484,0.42581428644454883,0.5325300479367836,0.9997744229154827,0.7334924423229913
1652,0.45075560322659947,0.3609074972996586,0.4330276043428576,0.562927100265352,0.9997926363045893,0.7159090909090909
1653,0.4671180948760119,0.3662285706039809,0.45965120967476014,0.5867481200184345,0.9997866224403716,0.7788296041308089
1654,0.44931606158697407,0.35275931439435526,0.4451300094754984,0.5466778307794983,0.9997827897685365,0.7194304857621441
1655,0.4373223191749577,0.3438013439507533,0.4374777510935766,0.5474449639641723,0.9997615971879743,0.7237521514629949
1656,0.4279390925428237,0.33665334480407716,0.42106337511975883,0.5285756966777794,0.9997807050926422,0.7080123266563945
1657,0.41490648476159236,0.32599511842424844,0.40223220644111823,0.5325744251667588,0.9998066255887589,0.6790606653620352
1658,0.41464131330706894,0.32001731202763384,0.4111308757474314,0.5154207476030953,0.9997371387295831,0.6967340590979783
1659,0.41121151933808325,0.32173430694126126,0.41066516299136585,0.5026079350901398,0.9998057164105436,0.680623973727422
1660,0.4868303488738282,0.39024591352893184,0.49471607262248357,0.5611227282876261,0.9997824327973338,0.7535496957403651
1661,0.451754305759584,0.35303533742992826,0.43620416526487293,0.5743206267957552,0.9997865958020421,0.7408610885458976
1662,0.46467384210542284,0.3703147155292037,0.44201994454014526,0.6070415243178783,0.9998136573883613,0.7477295660948536
1663,0.44382160685407473,0.3536503682564296,0.43011694388553495,0.5472797379879941,0.999772095859109,0.6988727858293076
1664,0.40807301347605346,0.31794966542249664,0.41452956654443446,0.49865041678385014,0.9998075128897042,0.694831013916501
1665,0.4080323872675101,0.3254671614245346,0.39835801974230534,0.509570329423596,0.9998190117813955,0.6565573770491804
1666,0.4824269401948844,0.3863346990376064,0.46057189430975437,0.613929499301828,0.9997800774423594,0.7663755458515283
1667,0.4004477963236331,0.3041718170831225,0.4049739767413919,0.508391354511929,0.9997846376550777,0.720969089390142
1668,0.43885598604179343,0.3496599748082513,0.4336986337850391,0.5464419770383467,0.9998085860418153,0.7049659201557936
1669,0.5295989632915932,0.4331742379595018,0.5319070828172746,0.6190587727874552,0.9998054932555073,0.7893639207507821
1670,0.4773297787152217,0.378647271499174,0.4656560093106738,0.5948587460019531,0.9997845542971753,0.7734753146176185
1671,0.4552012285841935,0.3580768481931956,0.44464673541864685,0.5636980215561247,0.9997878266993848,0.748696558915537
1672,0.4535461148611753,0.3616230767434429,0.45392595542807146,0.5553926965100248,0.9997897658300727,0.7399507793273175
1673,0.4737983741992176,0.3775622881432409,0.460298951020682,0.5846551343511169,0.9997940100538819,0.7405940594059406
1674,0.4346423759416598,0.341243949037596,0.43439419679125796,0.5483844468870674,0.9997975710029239,0.7329650092081031
1675,0.4661850594282414,0.36952867948722706,0.4568103366316612,0.573491525446307,0.9997815435813573,0.7501774308019872
1676,0.4102969836468522,0.3186838358221237,0.39287293119813227,0.5218710946086811,0.9997956397536848,0.6799307958477508
1677,0.4361950969567562,0.3444091946025473,0.43771886598991794,0.5377588986080551,0.9997965035710409,0.735663082437276
1678,0.45778521189908633,0.3610389648020715,0.4471211738098071,0.5754272174636248,0.9998062067187717,0.7435897435897436
1679,0.4446866435469927,0.35196163321392654,0.440974303027875,0.5363157622309962,0.9997827962017304,0.7050243111831442
1680,0.4579373463050483,0.3626702086557948,0.4328725756308411,0.5903773251515853,0.9997793263809104,0.7342342342342343
1681,0.4375392504917916,0.3447740136597879,0.43539776373866584,0.547575654934264,0.9998358677938411,0.7267144319344934
1682,0.41616936996028053,0.3255340115467782,0.4136246880910796,0.5238067201133557,0.999806363656465,0.7004089979550102
1683,0.42314502700138684,0.3256326823847521,0.4238510654039199,0.535547842771336,0.9997723472864879,0.7381183317167799
1684,0.45673231359594896,0.3624626092602557,0.4453710873234529,0.5727610541278946,0.9997947394141202,0.7402714932126697
1685,0.4343072175838335,0.34253305644141574,0.4513990043403511,0.5113383392228611,0.9997852154169021,0.7156048014773777
1686,0.45031020590619114,0.35665701172340486,0.43584496091237623,0.5666391174499276,0.9998008749754531,0.7383419689119171
1687,0.48806267901656114,0.3901391478771141,0.46814437382953705,0.6111815332868589,0.9997811722450559,0.7783155856727977
1688,0.44190298392484323,0.3458003971986192,0.4195467388005274,0.566894333651596,0.9997851879243802,0.7300435413642961
1689,0.4960236339313068,0.40347449344622566,0.4949659331334513,0.584069731228039,0.9997872266372885,0.7541625857002938
1690,0.3905483743573921,0.30504148580268975,0.40107536960858453,0.47864507435170256,0.9998026590335053,0.6654929577464789
1691,0.41748168421499104,0.32771441211701496,0.4051347573315226,0.5355701766084415,0.9997814002608277,0.7019230769230769
1692,0.4212040541821664,0.33178349887681796,0.42557099727909026,0.5047183980734451,0.999795792990329,0.691900075700227
1693,0.4361093041101621,0.34983887660894614,0.42525623344651753,0.5430645605131,0.9997863975964089,0.6923076923076923
1694,0.44606058322820324,0.3564304429853976,0.438108773484097,0.5471726729999133,0.9998176279524014,0.7097625329815304
1695,0.45125044674945497,0.35241470420795756,0.42713627034870494,0.5902856758328389,0.9997971879063126,0.7572727272727273
1696,0.41370595946336547,0.325855350794167,0.42068099791891234,0.5027101191148005,0.9998281217316537,0.674264007597341
1697,0.43167675055109184,0.3455723599306372,0.42301156478555835,0.5282204697207875,0.999798332356335,0.6864716636197441
1698,0.4599080021745439,0.364128985820796,0.4507509167168369,0.5792991595416151,0.9998198183929159,0.7528779739063699
1699,0.44054499697350213,0.3489315151463923,0.44414443342688875,0.5395004920906635,0.9997773827431582,0.718491260349586
1700,0.43222392175349766,0.3399905001615133,0.43498636956278663,0.5221255060594691,0.9997913788852645,0.6963350785340314
1701,0.4954817228710401,0.39609501155498583,0.49806283133256585,0.5918140958077428,0.9997922778514208,0.7806563039723662
1702,0.4089951546423592,0.32393769785145776,0.403493218694581,0.49735979500633587,0.9997944738496561,0.6682389937106918
1703,0.47151468437860633,0.3768529032663922,0.4675260929261831,0.5625611344641026,0.9997558606277254,0.7427912341407151
1704,0.4472487016873386,0.36081546886837235,0.43185419856831364,0.5461944428897495,0.9997946311298238,0.6992125984251969
1705,0.4449247751421847,0.35052235172728247,0.43938880226215327,0.5525214677835888,0.9998018247596955,0.7478920741989882
1706,0.447449915704534,0.35461845795966873,0.43923173335946164,0.5511066386433667,0.9997961135619723,0.7334525939177102
1707,0.44534239068976317,0.345298855898613,0.42135582100402413,0.5924598877239896,0.999783471089098,0.756640344580043
1708,0.464913926831334,0.3725910918758126,0.45070985005095315,0.5644691060182395,0.9997886686452507,0.7247191011235955
1709,0.42875521037212116,0.33510699603540645,0.4188310112654484,0.5424317772706734,0.999794263630605,0.7089991589571069
1710,0.45153437283624537,0.3579487249293966,0.44874547547014715,0.5435226272945657,0.9997689721707084,0.7235701906412478
1711,0.45825453534968036,0.36186098815218154,0.44389966083793453,0.5680567304686388,0.9997876465384907,0.7419354838709677
1712,0.3976642359514902,0.3075042611085127,0.37135152960590356,0.5320106365829452,0.999807067107435,0.6751543209876543
1713,0.42998908055781615,0.3401849847374035,0.4240648968503931,0.5171553655148498,0.999773126062841,0.6905982905982906
1714,0.4721226215835843,0.3812931045122375,0.46183528046418443,0.577019779820604,0.9997965825429688,0.7350427350427351
1715,0.4423647992082014,0.3487811373046753,0.426552987186206,0.5581338804108452,0.9997696037804377,0.731537793223284
1716,0.4486069022960915,0.34449028423957595,0.422911195795614,0.6045946264679442,0.9997805473480238,0.7613227893601725
1717,0.4761061108724425,0.3772790113829023,0.44756279910789104,0.6165912210300422,0.9997980811107563,0.7687747035573123
1718,0.43177249274072,0.3396379098721398,0.4302464089197859,0.530835317985873,0.9997925484188157,0.7104105571847508
1719,0.44095720851439124,0.3504531547819982,0.4482357707782588,0.5322943694267666,0.9998250331027791,0.7202441505595117
1720,0.46717626390326855,0.37207962486168317,0.4671924790490987,0.5701771616679124,0.999799990961073,0.7432692307692308
1721,0.4712732817301393,0.37951766939029696,0.45813057692469356,0.5729695743898827,0.9997608545939853,0.7306930693069307
1722,0.39518112033064623,0.3090422036630689,0.406934589514181,0.48673728830398844,0.9997862700563348,0.6822958771220695
1723,0.4532922283921685,0.36553281639288526,0.4419002979449128,0.5553757442022704,0.9998006747925371,0.7151051625239006
1724,0.43069214455302024,0.3388014649822618,0.43500398095309606,0.517460957032536,0.9998073698949558,0.7145688800792864
1725,0.3784987781002202,0.2900125931730542,0.3568884957843245,0.5207958418944753,0.9997894582808038,0.6541417591801879
1726,0.43980951445391275,0.3473220582323288,0.438954565421686,0.5412109679822766,0.9998017399353273,0.7269267364414843
1727,0.4261589636508105,0.3342525970578362,0.4286110823325956,0.5311217381269279,0.9998051773053275,0.7024221453287197
1728,0.4503773029618732,0.35105627482010593,0.43096373587501213,0.5799282798958671,0.9998112518090624,0.7389830508474576
1729,0.4529243702124677,0.3600386386355991,0.45911274479316844,0.5459192749547374,0.9997674841183191,0.7493995196156925
1730,0.4176185666880955,0.32566797453190743,0.42688874135228855,0.5123741037982157,0.9998162482901208,0.6971637694419031
1731,0.39313840825916924,0.3043421166922052,0.38491677626664994,0.5105663901900096,0.9997751643808404,0.6815476190476191
1732,0.464041626061524,0.3777055061722032,0.4520193612616138,0.5496114592086387,0.9998308791917743,0.7119416590701915
1733,0.42301422595983823,0.32623385273911093,0.4302203408188924,0.5340198250188242,0.9997845563519516,0.7449605609114811
1734,0.44438491481636094,0.3494273855178549,0.42685321982697033,0.5724081463449477,0.9997808588612606,0.7473275024295433
1735,0.38777182752334766,0.29861966748695945,0.3912051308915429,0.49244261591853095,0.9997930241688368,0.6697872340425531
1736,0.40774748705469777,0.3181538302738221,0.4220722850242955,0.4873636154338292,0.9997951852857186,0.6733185513673319
1737,0.4313202407617128,0.34392155642743677,0.42005007845775233,0.5303125162528441,0.99979449370035,0.7008871989860583
1738,0.4417169657924272,0.3453497903761094,0.4071783853790558,0.5914400451314393,0.9997723904636938,0.7337826453243471
1739,0.46969286836636565,0.37255771086294504,0.46953093175494415,0.558427230019499,0.9997959080693003,0.7354965585054081
1740,0.4561493944105051,0.3664029195834797,0.4521352241482989,0.5406878148500425,0.9997816020551045,0.7178770949720671
1741,0.4798326177451227,0.3877582664843072,0.4774268124685679,0.5672183445596506,0.9997867222428878,0.7473591549295775
1742,0.44755196320567436,0.3529573540005925,0.43519223053479367,0.5640905912142293,0.9997976691315357,0.7326355851569933
1743,0.40291868746268816,0.31448433574852386,0.4158256316281363,0.49573299555993033,0.9998263887708706,0.6728334956183057
1744,0.3932655129471274,0.30267716405966555,0.4042917564799509,0.48147421428605264,0.999789929604127,0.6773255813953488
1745,0.4479971288879262,0.3523233614277309,0.4299425766343381,0.5773134557106315,0.99981833280644,0.7301960784313726
1746,0.4328142967228311,0.3397633911421043,0.4171506973340986,0.5509475277967745,0.9998070658098847,0.7158176943699732
1747,0.3724945735757826,0.28634212077885884,0.3674184810832196,0.4663662821519119,0.9998158866322734,0.6373526745240253
1748,0.436414822470799,0.344580813784616,0.42056191369682705,0.5451036700518702,0.9997948874058112,0.7017024426350851
1749,0.4761305399664666,0.3762422822430943,0.44963910397078233,0.6143134747830348,0.9997932924139633,0.7568359375
1750,0.4111662433511521,0.32284538188721024,0.395771622142783,0.5255139542570023,0.9997991519765992,0.6678635547576302
1751,0.39435835866379865,0.304033032795575,0.4030634531866161,0.5014301827455991,0.9997763164070091,0.704225352112676
1752,0.41788779606647786,0.3293119141872631,0.411001561450602,0.5128991944146846,0.9998024511037518,0.6714165968147527
1753,0.4072198673505407,0.317339081732028,0.4027209061398862,0.5256453667563269,0.9997972353968728,0.7081339712918661
1754,0.4106649584193621,0.31832611260912963,0.4061015960125588,0.5145310022741394,0.9997734610825076,0.6929755327545383
1755,0.3952210068612877,0.3076841296032527,0.38466886122906474,0.5010778737519667,0.9998268024757547,0.6552901023890785
1756,0.4282063591172936,0.33714218531402323,0.42086942092133667,0.5304347212247381,0.9997991204235873,0.7104303428154631
1757,0.424171206584601,0.3326121760419333,0.42052909160295804,0.5174359164045076,0.9997741449829135,0.701417004048583
1758,0.4637297090671917,0.37227903401323775,0.4544346238960448,0.5580348581853072,0.9997884549288841,0.7190721649484536
1759,0.43973940567756264,0.3397128609133193,0.44041754448437054,0.5531055493414583,0.9997761902169588,0.7513430544896393
1760,0.46692920896719037,0.3746018533292013,0.45577901464027787,0.5826691734960215,0.9997703468896666,0.7578828828828829
1761,0.4231807259748973,0.3311133008257874,0.43521432847685393,0.49427988747491325,0.9998039939233101,0.695813953488372
1762,0.4483011175316536,0.35814433642442656,0.4340874900922256,0.5630766192337494,0.9997998239712181,0.7259574468085106
1763,0.4224816774030127,0.33174177885663725,0.41492399113287765,0.5326679037456364,0.9998185791724106,0.6946859903381642
1764,0.4062375690999773,0.31540575063856663,0.3866005455876594,0.5391056901507869,0.9997906946286718,0.6859430604982206
1765,0.41387807739362015,0.32624875345262533,0.40595980243882857,0.5247067715697251,0.999797430559575,0.6844729344729344
1766,0.43434974220288397,0.3397819127902863,0.4162248389118422,0.5605277413871561,0.9997778268062667,0.7376237623762376
1767,0.4209554945883997,0.3326911508476115,0.4074783061009976,0.5251492427753813,0.999788922970765,0.6734177215189874
1768,0.4343628494704751,0.34102829729783274,0.42633605643842826,0.5418721564523566,0.9997908282622655,0.7049312853678253
1769,0.4051291370019165,0.31403501762390984,0.3966853173783479,0.5104280202195691,0.9998048242717131,0.6773399014778325
1770,0.4838223298385315,0.3866012056428423,0.47871248457437693,0.5821968215810156,0.9997873290178463,0.7552380952380953
1771,0.41809409861943425,0.3293569402764154,0.42254642015927024,0.5072195211365587,0.9997942983392039,0.6798780487804879
1772,0.42094575823864067,0.3281580803464064,0.412096238373875,0.5365201304241974,0.9997881605459511,0.7120535714285714
1773,0.4138394956260062,0.3261995974361204,0.4170817475365553,0.5031422620410331,0.9997858609249535,0.6720575022461814
1774,0.4762437250187045,0.38245790530514745,0.46190375854549565,0.5832198741873824,0.9998051624651253,0.7332677165354331
1775,0.40497098428667494,0.3163419898456006,0.3882967411224159,0.5328429829331204,0.9997790380991118,0.6838514025777104
1776,0.46819867906470475,0.37410005690960924,0.45960080454088426,0.5739954446524881,0.9998026018731715,0.7244897959183674
1777,0.4231380795646778,0.33686304883786805,0.4140106914521867,0.5209621746158095,0.9997911501823538,0.6867588932806324
1778,0.4472442946584131,0.3523176954763524,0.43214792181511946,0.5620924608595489,0.9997984669815548,0.731951871657754
1779,0.4422004111909562,0.34649542660117205,0.42897312399830695,0.5633588935036888,0.9997703850534958,0.7280772325020113
1780,0.4078114378226078,0.32175707765054956,0.39634211751825743,0.5017445586197794,0.9997727869902906,0.6623018607856651
1781,0.4676601416925243,0.3708284692203902,0.45235597546309303,0.5835041719102212,0.9997486001658088,0.751937984496124
1782,0.3749817078952609,0.2884201878065264,0.38154639710284954,0.4633837736908015,0.9998088673578,0.6459884201819686
1783,0.4056751779187693,0.31745778036581085,0.39916846375640946,0.5101929954807204,0.9997980595582013,0.6769366197183099
1784,0.42706334044180333,0.33708371525052894,0.4176788772576222,0.5367250391346202,0.9997854927368415,0.6850921273031826
1785,0.4519081533979503,0.3557076850559252,0.44201795946523686,0.5523793194140989,0.9997841695299372,0.7210708117443869
1786,0.4581415086838125,0.36322690012233666,0.4485293443493047,0.5681443305996183,0.9997897613064608,0.735632183908046
1787,0.4986383240572494,0.4120055366564663,0.48732810674657323,0.5772457000086051,0.9998016431697734,0.7207207207207207
1788,0.4652113788357893,0.3725267332358013,0.4384518426722678,0.5704780977416191,0.9997812438439316,0.7177759056444819
1789,0.40680087907738505,0.3157167088042418,0.40782110487500234,0.5195627245849014,0.9997904515370225,0.6893874029335634
1790,0.42372984817666104,0.3283336614283742,0.44756648911499125,0.4957272156877349,0.9997588594630044,0.714178544636159
1791,0.43195442880371815,0.34064437539293374,0.42128946717964666,0.5377743661750561,0.9998182937157027,0.7053264604810997
1792,0.45710299338540955,0.36657493394343416,0.44254612171230223,0.5578877125694693,0.9997682889525248,0.7103448275862069
1793,0.39404856667227667,0.3052735651351835,0.39974569398228504,0.4938005572762947,0.9998159893896509,0.6862429605792437
1794,0.43640049840365386,0.3401888670469736,0.42617072617467044,0.5692575879413299,0.9998119373794384,0.7278208440999139
1795,0.42784445184832226,0.33849094657127543,0.4310318569158038,0.5145399164064962,0.9997950757463253,0.6910490856592878
1796,0.4295228337770617,0.3445410435503904,0.4304765103503907,0.5132983546972973,0.9998175764693628,0.6782273603082851
1797,0.43322290475619185,0.33646457870983465,0.4404965129961874,0.513546406150266,0.9997623615578312,0.7084168336673347
1798,0.4284423455071297,0.33099722310651175,0.42900816488403787,0.5330565776049295,0.9997992912044661,0.7390891840607211
1799,0.4315846789693007,0.33959239109568173,0.4353411356684548,0.5280375068866318,0.9997826237113362,0.709583028529627
1800,0.4741744885050093,0.3776373724631001,0.4656322132346961,0.5803528466167993,0.9997815241180341,0.7515865820489573
1801,0.47598382453527344,0.3811259028051353,0.4694970467606802,0.5684717722649064,0.9997964066400385,0.7512605042016807
1802,0.4490308820950682,0.3530421912502102,0.44724002041739114,0.5534030901263192,0.9997986253074389,0.7400162999185004
1803,0.42741674627843534,0.3349545174920812,0.41564374557504097,0.5360627109815758,0.9998199064836568,0.702191235059761
1804,0.400509732867749,0.31867163942368915,0.4076879955993522,0.4881478040260763,0.999765670041244,0.6639712488769093
1805,0.4477747594611146,0.3536417973236037,0.4368996855794206,0.5586486116447579,0.9998177993358974,0.7238805970149254
1806,0.4525203708935539,0.35605856498221666,0.4412722369802009,0.568186727299669,0.9997857553152378,0.7481296758104738
1807,0.43244235966146743,0.339308873703434,0.42995459815417386,0.5307232933929938,0.9997955496730333,0.7092476489028213
1808,0.4708909105161189,0.3737301415411605,0.45838948577266325,0.5811403233676495,0.9997749007281642,0.7501739735560194
1809,0.4383557887200495,0.345830274885694,0.4447121136581794,0.5405278258118902,0.9998213999204815,0.7172489082969432
1810,0.46838850048679515,0.37530854428125976,0.46956531029686843,0.5575183755388541,0.9998095074564786,0.7446982055464927
1811,0.4691005665444873,0.37594221849208215,0.4553659045080056,0.5701927401877016,0.9997917876014214,0.7278350515463917
1812,0.4718845516882591,0.3795505848792474,0.4640768772319395,0.5664470149206239,0.9997677140015153,0.7357609710550888
1813,0.4201010788708274,0.3346236159868115,0.4133866268567652,0.5018656347856255,0.9998159341411382,0.672254819782062
1814,0.4733734002107389,0.3853478160928118,0.47621681589613624,0.5552807187321257,0.9998260323879766,0.7305502846299811
1815,0.4294511050862143,0.33752245903495703,0.42655086468542935,0.5399837564888302,0.9997829999437546,0.707936507936508
1816,0.4278237532503957,0.3363669601361988,0.43013307563048414,0.522759724389384,0.9998025912351007,0.7058333333333333
1817,0.4022668508294273,0.31472269078420834,0.40357372849238615,0.495797473871295,0.999784357633329,0.6734317343173432
1818,0.44190243914916116,0.34944107678988745,0.44051818144576643,0.5332529437527621,0.9997778288337977,0.7139303482587065
1819,0.3979777783948688,0.3060530659108346,0.3992924454050112,0.5137831297335042,0.9997909681957647,0.7069571328179901
1820,0.4935715310863321,0.39664100065524627,0.4727871058103266,0.6099406334520718,0.9998161003137358,0.7704
1821,0.4674063514484215,0.3754389521549849,0.44787115298674063,0.5789238942166408,0.9997877977680271,0.7279920870425322
1822,0.4602131173833209,0.35892306609624663,0.4554637295971794,0.5838481068464811,0.999784171248101,0.7733333333333333
1823,0.45424320796101025,0.357926463912843,0.44757433571088145,0.5656515213106938,0.9997990932657898,0.7432542927228127
1824,0.4817082372549746,0.38543305989305365,0.4727230005337206,0.5713877088337288,0.9998154799862612,0.7418073485600795
1825,0.42823381283326,0.3394735904538575,0.4311556807470511,0.5084798838894468,0.9998234974507857,0.6847457627118644
1826,0.4086352915349249,0.31685004970717945,0.40787538791568295,0.5174105877962742,0.9998077104274328,0.7047697368421053
1827,0.4515399491055027,0.3646635762912089,0.4445882686610794,0.5420857015174182,0.9998210345839343,0.6920930232558139
1828,0.47436267484138855,0.37921598003429535,0.46243204088752443,0.5934534730752528,0.9998251792226942,0.7448869752421959
1829,0.44130260133146554,0.3546915006353791,0.45169218380836584,0.5090761575307348,0.9998171598908093,0.7003424657534246
1830,0.45234769261387,0.3521318259386911,0.44135824396261486,0.5720765740658623,0.9997889714985708,0.7544910179640718
1831,0.48394364383421884,0.39481426056144453,0.4731875288917543,0.581065097989129,0.9997985426915565,0.7402862985685071
1832,0.4510048186094879,0.35088440137227755,0.4396500046483114,0.5924361383815072,0.9998025293147424,0.7742830712303422
1833,0.46911379426032107,0.37272118554432815,0.4605654435858268,0.5737763853887932,0.9997880326345336,0.7433206106870229
1834,0.46759258103519763,0.3801776551656423,0.4705773118364096,0.5578259502185212,0.9998221700430002,0.7260663507109004
1835,0.4710295192191318,0.3781345881939149,0.465344881281902,0.5717382660857695,0.9997757514941108,0.7415637860082305
1836,0.4692886763477405,0.37527503852512345,0.4585903256785268,0.5805542219632625,0.9997722194587795,0.7421800947867299
1837,0.4108542252788103,0.31637209814446376,0.4072586157784115,0.5334664690428127,0.9998063731655062,0.717296511627907
1838,0.43484150339750754,0.338532523496156,0.4203116458344842,0.5561785540127794,0.9997640808608368,0.7351885098743267
1839,0.4535147619350022,0.3596216800309126,0.45028472335979247,0.5505354058063037,0.9998037292599825,0.7277533039647577
1840,0.4979776428424601,0.40054740511439874,0.47389563911661425,0.6297942162427071,0.9998064961572596,0.7859266600594648
1841,0.46663398745267165,0.3683916440205096,0.45250511839748725,0.5894722026996768,0.999787742488264,0.7529325513196481
1842,0.43074771528669986,0.3394742289065083,0.4248799617415014,0.5321717960457575,0.9997856768193187,0.688663282571912
1843,0.4157054491483581,0.32706887928309686,0.4201847282447393,0.5162352273950623,0.999806692924797,0.696969696969697
1844,0.46341241903690344,0.36927174741367375,0.4695739965445091,0.5557519078072459,0.9997971775129035,0.7466529351184346
1845,0.4411465210584574,0.3520794495375868,0.4304459771391821,0.5463604257782139,0.9998016030423688,0.697986577181208
1846,0.4387604154496739,0.3472858892038517,0.43131343461616756,0.5418639510481573,0.999787894194624,0.7077977720651243
1847,0.488188292319281,0.389148088920904,0.4469888829169755,0.6386447452310953,0.9997914859683904,0.7686567164179104
1848,0.4491138750259398,0.3531410051100547,0.4399594768711227,0.5695724251681978,0.9998235959541342,0.7463414634146341
1849,0.4376132558809548,0.34536008344080166,0.43299798885015495,0.5472377674449675,0.9997963238227316,0.7314553990610329
1850,0.4324127632931975,0.337167751978108,0.4432610489249003,0.5210561020667444,0.999805301145535,0.7212822796081924
1851,0.4741018841861181,0.37813665830888615,0.4615784446006007,0.573325253893617,0.9998166438535387,0.755629691409508
1852,0.4646805465537912,0.36984424335378574,0.4474392398777696,0.5811188600823133,0.9997655146846596,0.7356656948493683
1853,0.4461925901058312,0.35281877045416876,0.45505340649260717,0.5387786151928027,0.9998039407515288,0.7393822393822393
1854,0.502025553406667,0.40798591371672277,0.48891249307684437,0.5994441950002198,0.9997865038833861,0.7619532044760936
1855,0.42388468332690016,0.3359864611139586,0.4137763621371261,0.523881800416393,0.9998187245574176,0.6836628511966701
1856,0.44586597641666004,0.3500773816312024,0.4382987562023114,0.5733393888070878,0.9997809397630767,0.735191637630662
1857,0.4711739374549009,0.37375687713123873,0.4495879882262295,0.5947916959671052,0.9997886748943074,0.7638136511375948
1858,0.46451415874900515,0.36256422865127935,0.4340792749790101,0.6168401782967938,0.9998003835767655,0.7696737044145874
1859,0.4668720245135985,0.3694780373511712,0.4682827128098247,0.5673572494074532,0.9997843466072097,0.7571059431524548
1860,0.4553771108115563,0.3582138733804279,0.4367392650770096,0.5779593882328917,0.9997924552944707,0.7416602017067494
1861,0.4057544009202355,0.31322029320561967,0.41646385915609463,0.49754037722609856,0.9998017677407799,0.7097053726169844
1862,0.4305394950309877,0.3418596831087294,0.4160206605428962,0.5423374872513312,0.9997878762696344,0.7115072933549432
1863,0.48691146092394766,0.3902895810572923,0.4820671010938984,0.5764059932131007,0.9997767873351273,0.74860853432282
1864,0.4364967140889457,0.34752228714129957,0.41813447400216636,0.5467366995792358,0.9997925390248305,0.697282099343955
1865,0.4550423189593092,0.3578797851328276,0.4269917492363697,0.5847356317718823,0.999793539617863,0.7243975903614458
1866,0.4337644864775338,0.33946754988497585,0.42251455900697976,0.5416275099817625,0.9997858435537725,0.6972704714640199
1867,0.4460598977146236,0.3493785309335979,0.4416276160809204,0.5637871473556294,0.999797509851664,0.7458945548833189
1868,0.4344443373026768,0.3419799364538136,0.42373610031648157,0.5313367399321968,0.9997995628980498,0.6947133283693224
1869,0.4203634783966529,0.32876060095411297,0.4096236116330798,0.5460894215955986,0.9997886157409798,0.7163346613545817
1870,0.40530169689429435,0.31795968372832667,0.41481058904477663,0.4912180795525986,0.999803730549423,0.6793103448275862
1871,0.4445901246917006,0.34794681828024265,0.43340550488640034,0.5622226985667187,0.9997873844582024,0.7323049001814882
1872,0.4244699656708372,0.3342311079954084,0.4301349976357636,0.5133331812500029,0.9997698622450842,0.7088926174496645
1873,0.42208509966083124,0.33036788995788063,0.4094960455652836,0.5448042652402442,0.9997726766157586,0.7068403908794788
1874,0.42512120774797246,0.3304108200003512,0.4024200423459712,0.576261994006315,0.9997556541209058,0.7306338028169014
1875,0.4203390944217617,0.32669017961234853,0.42406215714210876,0.5157136736576451,0.9998006062368932,0.7161048689138577
1876,0.4340759672168371,0.33573124872180327,0.4139147408704695,0.5618458618676933,0.9997957297435233,0.7287157287157288
1877,0.4041136812723454,0.31160850780611715,0.3954481840728706,0.5271178689380861,0.999785653759789,0.7027237354085603
1878,0.4480620636853344,0.3574081779656774,0.4572839677786647,0.5316689953216934,0.9998098048140909,0.723874256584537
1879,0.3956343624895471,0.30666557010085477,0.38179545886524074,0.5118467667642778,0.9997993855166079,0.6683976261127597
1880,0.4299275973507384,0.3402375710945737,0.4112607387567252,0.5524451264233475,0.9998010816032027,0.7027250206440958
1881,0.42401152496564426,0.3398341878193185,0.4313355407284486,0.49871343384699784,0.9998064742723204,0.6706586826347305
1882,0.4703737906817157,0.3693396724131787,0.45144473104548416,0.5979431486655219,0.9997921411584861,0.7672955974842768
1883,0.4409285448095025,0.3501197331919022,0.4236673528139761,0.5493947741773444,0.9997799341652667,0.7118802619270346
1884,0.4563515178138613,0.3591638132260986,0.4575917335681138,0.5513334805452593,0.9997804111271051,0.7472340425531915
1885,0.4350857176960007,0.34956877367104866,0.4271708335107697,0.5242413185999895,0.999810636472011,0.6873638344226579
1886,0.467345025544113,0.3702364383431792,0.46108795732138225,0.5669271469296365,0.9997659351631151,0.74
1887,0.43660311175530125,0.34098872553288984,0.4341531136900023,0.538244493110309,0.9997842853791956,0.7241962774957699
1888,0.45390249799578963,0.35878899583201573,0.4522249913332988,0.5711670547470633,0.9997963690619285,0.7435008665511266
1889,0.44384818533204234,0.3474666240045471,0.42354337542491666,0.5817138600259831,0.9997978257004806,0.7371847030105777
1890,0.4426263842060666,0.3468000698523907,0.4337093335555556,0.5576430914081091,0.9998044596792713,0.7353224254090471
1891,0.4321112197289519,0.3338089238116819,0.4286171577945117,0.5572257651402074,0.9997943836300696,0.7428571428571429
1892,0.42473012568960083,0.33198739858081544,0.41416918522350515,0.5519855581977842,0.9998208078536043,0.7202323330106486
1893,0.43398224648186845,0.3408014505125514,0.4275914384573864,0.5348658691305014,0.9997748822970122,0.7025257249766137
1894,0.4499992214286299,0.3518774160291348,0.44601954159058044,0.5547469699373421,0.9997700445471661,0.7354301572617946
1895,0.43174621072661534,0.34003642076453305,0.41403940580152665,0.5460777190007473,0.9998013412085154,0.7006472491909385
1896,0.44773973113039256,0.3611472737393156,0.4549286039874598,0.5330488327019353,0.99980642430138,0.7208646616541353
1897,0.4478781054809892,0.35434896178186004,0.43119642351279924,0.568304281836247,0.9997938683470651,0.7301587301587301
1898,0.45313638121443534,0.3573205406034796,0.4545806470677175,0.5463262301907721,0.9997773119319804,0.7298616761594793
1899,0.4055162074850651,0.3213123996923036,0.4067934513604653,0.49042354641159736,0.9997919784131284,0.6552020636285468
1900,0.41749370074121916,0.33161072084815024,0.41105201793131285,0.5176905542313297,0.9997788110500351,0.6863957597173145
1901,0.43394278613512577,0.34684924593505545,0.4345221517251706,0.509187591000225,0.9997850094007775,0.6798206278026906
1902,0.4532231186028048,0.35702921869174303,0.44523318078223767,0.5699259718853571,0.9998056494790523,0.7434146341463415
1903,0.44447498040107075,0.35415635722412725,0.4457390060909825,0.5338016215901905,0.999790461181068,0.699
1904,0.44871683504115606,0.3607645151533716,0.4399495748818167,0.5449879552236593,0.9997859191484947,0.7014767932489452
1905,0.448814065846592,0.34884646879102094,0.41710665390959567,0.5986839768989238,0.9997676685360881,0.7606527651858568
1906,0.48546374370683293,0.39563260627343966,0.464866658542077,0.5941213026407726,0.9997784856044254,0.7327586206896551
1907,0.43545314465012563,0.3461086414946413,0.4171124755445426,0.553741732062818,0.9997839511440172,0.6856677524429967
1908,0.4573406385980915,0.3659844902785651,0.44259348704595786,0.5583998650284643,0.9998118599631186,0.7227191413237924
1909,0.4210351672944529,0.330777249383783,0.4231874134917106,0.5084517278661157,0.9997775097948168,0.675603217158177
1910,0.40532657288793233,0.3124961829114774,0.3944856523584138,0.5335186933662017,0.9997881740013052,0.700077101002313
1911,0.4405358993472725,0.34553679622960826,0.4288516328408714,0.5585895586945335,0.9997918003259574,0.7312186978297162
1912,0.437859519542928,0.3471767946958763,0.44739006129314135,0.516195978182679,0.9997873328578583,0.7005887300252313
1913,0.45094173195249393,0.3544186351355691,0.425065267783565,0.578507306089185,0.9997438995128041,0.7264957264957265
1914,0.41115669687305173,0.3204465560058187,0.4058791362761989,0.5023854327643881,0.9997958691853672,0.6867356538099718
1915,0.38446813991533085,0.29910641146790495,0.37241793240895904,0.4898147903494506,0.9997952773151235,0.6428038777032066
1916,0.44369967141849453,0.34778211554347466,0.42868827182735125,0.5721288380564765,0.9998008655594411,0.7411944869831547
1917,0.4271551436821295,0.3410584868547694,0.4136912553054621,0.5274175668038279,0.9997805608694742,0.6877076411960132
1918,0.4240839549687885,0.3303069169430909,0.42487353927754495,0.5202345705411848,0.9997896281244502,0.6957649092480553
1919,0.4684225151632027,0.37431421559621153,0.45833201466394735,0.5733740105192726,0.9997680584119476,0.7502254283137962
1920,0.4658224493198101,0.37059484800476933,0.4504365224233514,0.5747395408474283,0.9997847026799063,0.7449186991869918
1921,0.41648783104121856,0.3232773378449793,0.4262034410044716,0.5226356439772037,0.9997851929617959,0.7072111207645526
1922,0.46676737322859774,0.37035475980757826,0.46855215529668875,0.5531002089560216,0.9997831380226557,0.7397634212920837
1923,0.4657358818923832,0.3734713044440549,0.4483216508915513,0.5757342771789058,0.9997907104460886,0.7339581831290555
1924,0.43710319545768755,0.3474617294444093,0.43813452639459394,0.5385294297999368,0.9997833866527194,0.7263681592039801
1925,0.4835847766181279,0.3812095972891112,0.47259013067296385,0.6132186456466425,0.999778459410065,0.7939778129952456
1926,0.3972423328599275,0.3068199849754249,0.39239043039441746,0.5072606330807837,0.9997841340058431,0.6705882352941176
1927,0.4198301385464152,0.3263039616539246,0.410299487840322,0.5326656926688419,0.9997817671563837,0.7097345132743362
1928,0.38288071928589873,0.2943711659986735,0.3812376431343637,0.4876886008587002,0.9998052438548373,0.6649560117302052
1929,0.4747884350884075,0.380031159557027,0.46740867515206547,0.5724220219092779,0.9997828714862862,0.7401347449470644
1930,0.41875035203291044,0.3277343607812787,0.41412227613041463,0.518673951449164,0.9998120252202155,0.6924812030075188
1931,0.44834134115545415,0.357190788456675,0.44104901347897973,0.5547873706830007,0.9997846243585535,0.7144144144144144
1932,0.47526119799204886,0.38082328946970767,0.480540423037414,0.5809697921924487,0.9998158336055978,0.7620020429009193
1933,0.45796494751886657,0.35876719279191804,0.45605341294922114,0.5686352426262936,0.9997440337389746,0.7515290519877675
1934,0.4297675856828444,0.3385156121714111,0.4370464622341346,0.5301128636511323,0.9997606508012584,0.7291666666666666
1935,0.42382279409431195,0.3305482959318453,0.4157880019219059,0.5487303142783565,0.9997925251375464,0.7132412672623883
1936,0.43747391447639794,0.3487212048951712,0.4372302484053601,0.5379365844338554,0.9998004957635904,0.7238962859145059
1937,0.48461377909357717,0.3829855707138847,0.4773135440879691,0.5969254948925302,0.9997877163653794,0.7943127962085308
1938,0.4361370217428583,0.3466402446946306,0.41710027912832653,0.5532458352693044,0.9997787501032469,0.710019267822736
1939,0.47585502790219886,0.3773804370280684,0.4568274469054381,0.5934560401168292,0.9997946479797232,0.7617709065354884
1940,0.43460532473435476,0.3454407839558543,0.41355884338847665,0.5608864143153016,0.99979713880377,0.7135749822316987
1941,0.4248887981674597,0.3335418065756667,0.42339841055158123,0.530654321246115,0.9998097630586749,0.7046370967741935
1942,0.4560852131970778,0.3588959677727991,0.44039650302533173,0.5735806740960585,0.9998056417037267,0.7510668563300142
1943,0.4383975371488133,0.349927978442568,0.4499571975331543,0.518145858491184,0.9998083983897185,0.7096774193548387
1944,0.4279910612598357,0.33424063375163743,0.41692533541917687,0.5497908409637456,0.9997954181006466,0.722488038277512
1945,0.4783663771017904,0.3815037984555618,0.46029282015408807,0.5969732478488103,0.9997830735998591,0.7524828113063408
1946,0.44115828250464967,0.34942651673902014,0.44675162187412554,0.5378235142093967,0.9997898644306726,0.7325933400605449
1947,0.4614026470534138,0.3618147172999269,0.44336839207013684,0.6023787167576499,0.99975917998447,0.7665289256198347
1948,0.4681584008579132,0.3715883149238098,0.4507010534411844,0.5903295298575467,0.9997997642558207,0.7581151832460733
1949,0.4351190840479305,0.33880976967123855,0.40680646696542283,0.5834683053079885,0.9997913644725588,0.7337087691069992
1950,0.44982384166041905,0.35656297285985755,0.43182062696638884,0.5571963931399125,0.9997859983798137,0.71869918699187
1951,0.39494153846369984,0.30513448554864264,0.38982413203402616,0.5067884719664667,0.9998026784301518,0.6802147239263804
1952,0.4299536402908824,0.33383477552198476,0.41826871906057794,0.5528528782929439,0.9998050860521107,0.7378400659521847
1953,0.4365717183895059,0.34304404996471555,0.42664713649662134,0.5453400377905989,0.9998028644453038,0.7081589958158996
1954,0.4407336003459492,0.3492543552747808,0.4327376270062826,0.5392366094413968,0.9998054327871009,0.7189490445859873
1955,0.45527357167485594,0.3615690384788505,0.4504085105137492,0.5460950150215,0.9997979506965786,0.7134387351778656
1956,0.4382918552745326,0.34532954042493147,0.43872931230270557,0.5535208411116755,0.9997722948063794,0.7382488479262673
1957,0.43007634371966863,0.3324999569025736,0.42638453864736786,0.5427701969093396,0.9997743618988867,0.7306397306397306
1958,0.40597546638138093,0.3169853761616948,0.413163184848378,0.49783475880478667,0.9997897945724386,0.6733102253032929
1959,0.4274825051223725,0.3343221799479676,0.42434685500696684,0.5147235725081298,0.9997934047764937,0.7059294871794872
1960,0.40827034406506596,0.3160886410921548,0.3905332036212532,0.5439283068221246,0.9997813109082848,0.699814126394052
1961,0.41412222362665485,0.31787127563516127,0.41070659321669006,0.5253855369039141,0.9997521871588297,0.7091222030981067
1962,0.48404283186421815,0.3846070372434859,0.4669008592662565,0.5892877541680369,0.9997910606107611,0.7572093023255814
1963,0.4402948146796015,0.3525335079576361,0.4288761277555513,0.5441719141689192,0.9997964557384177,0.7153024911032029
1964,0.4181804404294758,0.33421004993707376,0.41831158073266766,0.5015582751850147,0.9998383296104404,0.6598440545808967
1965,0.4201476923030719,0.3219302331166029,0.4080510761827759,0.5501491167802741,0.9998011440568845,0.7202255109231853
1966,0.39072311610734056,0.2931635364768549,0.37684591193636197,0.5419402768367274,0.9997876780479726,0.7315753887762001
1967,0.4724393439422968,0.37423861496701544,0.4713814357057455,0.5710653865306496,0.9997893195618325,0.7656387665198238
1968,0.4673179537015893,0.37523125123802303,0.4599758599975864,0.5553961881602119,0.999797650513212,0.7245681381957774
1969,0.43717689964764384,0.3450145585470627,0.4323919758528412,0.5491721844779033,0.9998024202565562,0.7234944868532655
1970,0.43620225944154706,0.3439559721385862,0.42960469492072884,0.5351080894680375,0.9997922286107095,0.7086267605633803
1971,0.45825745281904606,0.36178571550236527,0.45996060488311524,0.5509367843909804,0.9997616226843851,0.746031746031746
1972,0.4494783203926657,0.35224275293316487,0.441722571559245,0.5669746247283758,0.9997635697214869,0.7598425196850394
1973,0.43833253266833105,0.3433028629668882,0.43338556826011343,0.5486533750022776,0.9998032712495961,0.7150041911148366
1974,0.44296035589028915,0.3458393235699719,0.42494171194738684,0.5769302662453566,0.9998020116536989,0.7377998345740281
1975,0.38970603659895153,0.2987059099274978,0.37190666904607267,0.5128319252033345,0.999797985516282,0.6679779701022817
1976,0.3918936903661164,0.3027838890353536,0.39966716025087345,0.4982725000048839,0.9997835920063105,0.6929203539823009
1977,0.41024343192817214,0.319649727679528,0.4085617883332096,0.5063081072091504,0.9998117869783614,0.6842105263157895
1978,0.4483206918231129,0.3533697969803685,0.4519616519395821,0.5397578550338926,0.9998187422940983,0.7257039055404177
1979,0.3854663163525332,0.29675617918111585,0.38923421867823355,0.49014083906394307,0.9997946570682333,0.6746880570409982
1980,0.44101614755859814,0.3479290449052572,0.43139081098242055,0.5454694287423366,0.9997672174296587,0.7099494097807757
1981,0.4672595491847004,0.3795981193228179,0.47372227855848803,0.5348674821274173,0.9997830982474097,0.7092916283348666
1982,0.423741743833628,0.33800403957040004,0.41120484136690705,0.5264009197527576,0.9998177066699295,0.6868932038834952
1983,0.41069964280581217,0.3177337358643529,0.4093860222708338,0.530452499753308,0.9997715571752226,0.7113144758735441
1984,0.4776340218697652,0.38325523327749283,0.4775511330891748,0.5654926553463299,0.9997949808115976,0.7535680304471931
1985,0.4124431888497952,0.3216290673151081,0.4007564441050788,0.5181505171057713,0.9997816927517233,0.6831955922865014
1986,0.40776544624261807,0.31605042041622405,0.39013458618236535,0.533116362140621,0.9997871579092312,0.6908249807247494
1987,0.4164004640620876,0.3304812050111965,0.42956900865349235,0.5074829557864667,0.999813643240431,0.7062706270627063
1988,0.45462017284036893,0.3592468484305395,0.4603392993536479,0.539103614896738,0.9997919149480523,0.739357080799305
1989,0.4436810558709027,0.3543134168514505,0.42680980913162436,0.5559953195851047,0.9997540768853036,0.7048917401764234
1990,0.44172248016981674,0.349786090085568,0.45215689570413253,0.5254123677958904,0.9998158350934565,0.7212971078001753
1991,0.45029685509259154,0.35820009705842926,0.45800286859650585,0.542273280307299,0.9997753327222815,0.7420109119251753
1992,0.4550518481343758,0.36047829458741704,0.45753954105539935,0.5520147608023391,0.9997771614521812,0.7430910951893551
1993,0.40515017212799864,0.31602722561825214,0.40170871404748304,0.5201465319881935,0.9998077155358281,0.7002967359050445
1994,0.40603711083136745,0.3147550460572858,0.39799913820200933,0.5143088312214898,0.9998043297683211,0.6926994906621392
1995,0.4324679442570566,0.34087339239276043,0.4356038335285184,0.5339597002442994,0.9998062704914633,0.7130350194552529
1996,0.4358905836339337,0.3425732831642747,0.4301700966613039,0.5405906944672607,0.9997936534081066,0.7110236220472441
1997,0.43654140775697853,0.34814689250593467,0.43450155420700076,0.5212205353485495,0.9997922819484528,0.6929196499602227
1998,0.4484935581679371,0.35095422178498936,0.43786119327488887,0.572490743618213,0.9997858477549995,0.7454387489139879
1999,0.4427710689276785,0.3561177149048306,0.43887868553820825,0.5379503569626887,0.9998123750001733,0.700750469043152
2000,0.3896633429479439,0.30063523638202627,0.38908654032265894,0.49974027498878787,0.999793109099748,0.6621823617339312
